year,source,confidence,Title
1941.0,https://en.wikipedia.org/wiki/9:20_Special,medium,9.20 Special
1960.0,https://en.wikipedia.org/wiki/26-2,medium,26-2
,https://en.wikipedia.org/wiki/List_of_compositions_by_Thelonious_Monk,low,52nd Street Theme
1972.0,https://en.wikipedia.org/wiki/500_Miles_High,medium,500 Miles High
1958.0,https://en.wikipedia.org/wiki/502_Blues,medium,502 Blues
,https://en.wikipedia.org/wiki/Ballad,low,A Ballad
1942.0,https://en.wikipedia.org/wiki/Casablanca_(film),medium,A Beautiful Friendship
1954.0,https://en.wikipedia.org/wiki/A_Blossom_Fell,medium,A Blossom Fell
1958.0,https://en.wikipedia.org/wiki/A_Certain_Smile_(song),medium,A Certain Smile
1965.0,https://en.wikipedia.org/wiki/A_Child_Is_Born_(book),medium,A Child Is Born
1958.0,https://en.wikipedia.org/wiki/A_felicidade,medium,A Felicidade
1936.0,https://en.wikipedia.org/wiki/A_Fine_Romance_(song),high,A Fine Romance
1957.0,https://en.wikipedia.org/wiki/A_Flower_Is_a_Lovesome_Thing,medium,A Flower Is A Lovesome Thing
1937.0,https://en.wikipedia.org/wiki/A_Foggy_Day,high,A Foggy Day
,,none,A Ghost Of A Chance
1935.0,https://en.wikipedia.org/wiki/A_Kiss_to_Build_a_Dream_On,high,A Kiss To Build A Dream On
1960.0,https://en.wikipedia.org/wiki/A_Little_Bitty_Tear,medium,A Little Tear
1943.0,https://en.wikipedia.org/wiki/A_Lovely_Way_to_Spend_an_Evening,medium,A Lovely Way To Spend An Evening
1942.0,https://en.wikipedia.org/wiki/A_Night_in_Tunisia,high,A Night In Tunisia
1939.0,https://en.wikipedia.org/wiki/A_Nightingale_Sang_in_Berkeley_Square,high,A Nightingale Sang In Berkeley Square
1919.0,https://en.wikipedia.org/wiki/A_Pretty_Girl_Is_Like_a_Melody,medium,A Pretty Girl Is Like A Melody
,https://en.wikipedia.org/wiki/Crassula_ovata,low,A Shade Of Jade
1954.0,https://en.wikipedia.org/wiki/A_Sleepin%27_Bee,medium,A Sleepin' Bee
1988.0,https://en.wikipedia.org/wiki/Smooth_Criminal,medium,A Smooth One
1987.0,https://en.wikipedia.org/wiki/Sore_Throat_(band),medium,A Sound For Sore Ears
1946.0,https://en.wikipedia.org/wiki/A_Sunday_Kind_of_Love,medium,A Sunday Kind Of Love
1961.0,https://en.wikipedia.org/wiki/A_Taste_of_Honey,medium,A Taste Of Honey
,,none,A Time For Love
1938.0,"https://en.wikipedia.org/wiki/A-Tisket,_A-Tasket",medium,A Tisket A Tasket
1960.0,https://en.wikipedia.org/wiki/Weaver_of_Dreams_(Kenny_Burrell_album),medium,A Weaver Of Dreams
,https://en.wikipedia.org/wiki/Hygiene,low,Ablution
1944.0,https://en.wikipedia.org/wiki/Ac-Cent-Tchu-Ate_the_Positive,medium,Ac-Cent-Tchu-Ate The Positive
1946.0,https://en.wikipedia.org/wiki/Across_the_Alley_from_the_Alamo,medium,Across The Alley From The Alamo
,https://en.wikipedia.org/wiki/Adam%27s_apple,low,Adam's Apple
,https://en.wikipedia.org/wiki/Trial,low,Affirmation
1962.0,https://en.wikipedia.org/wiki/African_Flower,medium,African Flower
1951.0,https://en.wikipedia.org/wiki/The_African_Queen,medium,"African Queen, The"
1959.0,https://en.wikipedia.org/wiki/Afro_Blue,medium,Afro Blue
,https://en.wikipedia.org/wiki/Afrocentrism,low,Afro Centric
1979.0,https://en.wikipedia.org/wiki/After_You_(Dionne_Warwick_song),medium,After You
1918.0,https://en.wikipedia.org/wiki/After_You%27ve_Gone_(song),high,After You've Gone
1949.0,https://en.wikipedia.org/wiki/Afternoon_in_Paris,medium,Afternoon In Paris
2009.0,https://en.wikipedia.org/wiki/Again_(video_game),medium,Again
1959.0,https://en.wikipedia.org/wiki/%C3%81gua_de_Beber,medium,Agua De Beber
2006.0,https://en.wikipedia.org/wiki/Metheny/Mehldau,medium,Ahmid-6
1929.0,https://en.wikipedia.org/wiki/Ain%27t_Misbehavin%27_(song),medium,Ain't Misbehavin'
1927.0,https://en.wikipedia.org/wiki/Ain%27t_She_Sweet,high,Ain't She Sweet
1954.0,https://en.wikipedia.org/wiki/Airegin,medium,Airegin
1979.0,https://en.wikipedia.org/wiki/Saki_Kubota_discography,medium,Airmail Special
,https://en.wikipedia.org/wiki/Aisha,low,Aisha
1911.0,https://en.wikipedia.org/wiki/Alexander%27s_Ragtime_Band,medium,Alexander's Ragtime Band
1963.0,https://en.wikipedia.org/wiki/Alfie_(play),medium,Alfie
1966.0,https://en.wikipedia.org/wiki/Alfie_(Sonny_Rollins_album),medium,Alfie's Theme
1865.0,https://en.wikipedia.org/wiki/Alice%27s_Adventures_in_Wonderland,medium,Alice In Wonderland
1945.0,https://en.wikipedia.org/wiki/Kimiko_Kasai,medium,All About Ronnie
2006.0,https://en.wikipedia.org/wiki/All_Alone_(film_series),medium,All Alone
1985.0,https://en.wikipedia.org/wiki/All_at_Once_(Whitney_Houston_song),medium,All At Once You Love Her
1959.0,https://en.wikipedia.org/wiki/All_Blues,medium,All Blues
1975.0,https://en.wikipedia.org/wiki/All_by_Myself,medium,All By Myself
1937.0,https://en.wikipedia.org/wiki/All_God%27s_Chillun_Got_Rhythm,medium,All God's Chillun Got Rhythm
1959.0,https://en.wikipedia.org/wiki/All_My_Tomorrows_(song),medium,All My Tomorrows
1939.0,https://en.wikipedia.org/wiki/Mel_Carter,medium,All Of A Sudden My Heart Sings
1934.0,https://en.wikipedia.org/wiki/All_of_Me_(1934_film),medium,All Of Me
1961.0,https://en.wikipedia.org/wiki/All_of_You_(Ahmad_Jamal_album),medium,All Of You
1939.0,https://en.wikipedia.org/wiki/All_or_Nothing_at_All,high,All Or Nothing At All
1939.0,https://en.wikipedia.org/wiki/All_the_Things_You_Are,medium,All The Things You Are
1838.0,https://en.wikipedia.org/wiki/Turtles_all_the_way_down,medium,All The Way
,https://en.wikipedia.org/wiki/All_Saints%27_Day,low,All Through The Day
1942.0,https://en.wikipedia.org/wiki/All_Through_the_Night_(film),medium,All Through The Night
1940.0,https://en.wikipedia.org/wiki/All_Too_Soon,medium,All Too Soon
1947.0,https://en.wikipedia.org/wiki/Almost_Like_Being_in_Love,high,Almost Like Being In Love
1952.0,https://en.wikipedia.org/wiki/Alone_Together_(Benny_Carter_album),medium,Alone Together
1977.0,https://en.wikipedia.org/wiki/Alone_Too_Long_(album),medium,Alone Too Long
1983.0,https://en.wikipedia.org/wiki/Moment_to_Moment_(The_Jazztet_album),medium,Along Came Betty
1985.0,https://en.wikipedia.org/wiki/Always_(1985_film),medium,Always
2021.0,https://en.wikipedia.org/wiki/To_All_the_Boys:_Always_and_Forever,medium,Always And Forever
1929.0,https://en.wikipedia.org/wiki/Am_I_Blue%3F,medium,Am I Blue?
1927.0,https://en.wikipedia.org/wiki/Among_My_Souvenirs,high,Among My Souvenirs
1959.0,https://en.wikipedia.org/wiki/Ana_Mar%C3%ADa_Polo,medium,Ana Maria
1973.0,https://en.wikipedia.org/wiki/On_the_Third_Day,medium,And On The Third Day
1944.0,https://en.wikipedia.org/wiki/And_the_Angels_Sing,medium,And The Angels Sing
2001.0,https://en.wikipedia.org/wiki/Angel_Eyes_(film),medium,Angel Eyes
,https://en.wikipedia.org/wiki/Anthropology,low,Anthropology
1934.0,https://en.wikipedia.org/wiki/Anything_Goes,medium,Anything Goes
,https://en.wikipedia.org/wiki/April,low,April
1932.0,https://en.wikipedia.org/wiki/April_in_Paris_(song),high,April In Paris
1976.0,https://en.wikipedia.org/wiki/Joy_Division,medium,April Joy
1987.0,https://en.wikipedia.org/wiki/April_Skies,medium,April Skies
1945.0,https://en.wikipedia.org/wiki/Aren%27t_You_Glad_You%27re_You%3F,medium,Aren't You Glad You're You
1817.0,https://en.wikipedia.org/wiki/Armageddon,medium,Armageddon
1941.0,https://en.wikipedia.org/wiki/Chick_Corea,medium,Armando's Rhumba
1946.0,https://en.wikipedia.org/wiki/As_Long_as_I_Live_(1946_film),medium,As Long As I Live
1931.0,https://en.wikipedia.org/wiki/As_Time_Goes_By_(song),high,As Time Goes By
,https://en.wikipedia.org/wiki/List_of_compositions_by_Thelonious_Monk,low,Ask Me Now
1941.0,https://en.wikipedia.org/wiki/At_Last,medium,At Last
1975.0,https://en.wikipedia.org/wiki/At_Long_Last_Love,medium,At Long Last Love
1951.0,https://en.wikipedia.org/wiki/Au_Privave,medium,Au Privave
2000.0,https://en.wikipedia.org/wiki/Autumn_in_New_York_(film),medium,Autumn In New York
,https://en.wikipedia.org/wiki/Autumn_leaf_color,low,Autumn Leaves
2024.0,https://en.wikipedia.org/wiki/Portrait_(Samara_Joy_album),medium,Autumn Nocturne
,https://en.wikipedia.org/wiki/Avalon,low,Avalon
,https://en.wikipedia.org/wiki/List_of_compositions_by_Thelonious_Monk,low,Ba-lue Bolivar Ba-lues-are
1919.0,https://en.wikipedia.org/wiki/Baby_Won%27t_You_Please_Come_Home,high,"Baby, Won't You Please Come Home"
1959.0,https://en.wikipedia.org/wiki/Sally_Timms,medium,Backstage Sally
1961.0,https://en.wikipedia.org/wiki/Bags_%26_Trane,medium,Bags and Trane
1957.0,https://en.wikipedia.org/wiki/Bags%27_Groove,medium,Bags' Groove
,https://en.wikipedia.org/wiki/Balance_(ability),low,"Balance, The"
1956.0,https://en.wikipedia.org/wiki/Duke%27s_in_Bed,medium,Ballad For Very Tired And Very Sad Lotus Eaters
,https://en.wikipedia.org/wiki/Ballade_(classical_music),low,Ballade
1973.0,https://en.wikipedia.org/wiki/Baltimore_oriole,medium,Baltimore Oriole
,https://en.wikipedia.org/wiki/Barbados,low,Barbados
2023.0,https://en.wikipedia.org/wiki/Barbara_(given_name),medium,Barbara
,https://en.wikipedia.org/wiki/Dinner_theater,low,Bark For Barksdale
1928.0,https://en.wikipedia.org/wiki/Basin_Street_Blues,medium,Basin Street Blues
,https://en.wikipedia.org/wiki/Bat,low,"Bat, The"
1953.0,"https://en.wikipedia.org/wiki/Baubles,_Bangles,_%26_Beads",medium,"Baubles, Bangles and Beads"
2012.0,https://en.wikipedia.org/wiki/Be_Careful_with_My_Heart,medium,Be Careful It's My Heart
2025.0,https://en.wikipedia.org/wiki/Die_My_Love,medium,Be My Love
,https://en.wikipedia.org/wiki/Bebop,low,Be-Bop
2023.0,https://en.wikipedia.org/wiki/Beatrice_(given_name),medium,Beatrice
1931.0,https://en.wikipedia.org/wiki/Beautiful_Love_(1931_song),medium,Beautiful Love
1889.0,https://en.wikipedia.org/wiki/Beauty_and_the_Beast,medium,Beauty And The Beast
1935.0,https://en.wikipedia.org/wiki/Begin_the_Beguine,high,Begin The Beguine
1970.0,https://en.wikipedia.org/wiki/Bein%27_Green,high,Bein' Green
,https://en.wikipedia.org/wiki/List_of_compositions_by_Thelonious_Monk,low,Bemsha Swing
2008.0,https://en.wikipedia.org/wiki/Karibu_(album),medium,Benny's Tune
1952.0,https://en.wikipedia.org/wiki/Bernie%27s_Tune,medium,Bernie's Tune
1932.0,https://en.wikipedia.org/wiki/B%C3%A9same_Mucho,medium,Besame Mucho
1959.0,"https://en.wikipedia.org/wiki/Bess,_You_Is_My_Woman_Now",medium,Bess You Is My Woman
1964.0,https://en.wikipedia.org/wiki/Crescent_(John_Coltrane_album),medium,Bessie's Blues
2022.0,https://en.wikipedia.org/wiki/Yet_to_Come_(The_Most_Beautiful_Moment),medium,"Best Is Yet To Come (Page 1), The"
2021.0,https://en.wikipedia.org/wiki/The_Best_Is_Yet_to_Come_(Bonnie_Tyler_album),medium,"Best Is Yet To Come (Page 2), The"
2011.0,https://en.wikipedia.org/wiki/The_Best_Thing_About_Me_Is_You,medium,"Best Thing For You Is Me, The"
1927.0,https://en.wikipedia.org/wiki/The_Best_Things_in_Life_Are_Free_(Ray_Henderson_song),high,"Best Things In Life Are Free, The"
1989.0,https://en.wikipedia.org/wiki/Better_Days_Ahead,medium,Better Days Ahead
1959.0,https://en.wikipedia.org/wiki/Mingus_Ah_Um,medium,Better Git It In Your Soul
1963.0,https://en.wikipedia.org/wiki/Better_Than_Anything,medium,Better Than Anything
1902.0,https://en.wikipedia.org/wiki/Knud_Holmboe,medium,Between The Devil And The Deep Blue Sea
1964.0,https://en.wikipedia.org/wiki/Bewitched,medium,Bewitched
1930.0,https://en.wikipedia.org/wiki/Beyond_the_Blue_Horizon_(song),medium,Beyond The Blue Horizon
2023.0,https://en.wikipedia.org/wiki/Beyond_the_Sea_(Black_Mirror),medium,Beyond The Sea
1930.0,https://en.wikipedia.org/wiki/Bidin%27_My_Time,medium,Bidin' My Time
1922.0,https://en.wikipedia.org/wiki/Big_Nick_Nicholas,medium,Big Nick
1902.0,https://en.wikipedia.org/wiki/(Won%27t_You_Come_Home)_Bill_Bailey,high,"Bill Bailey, Won't You Please Come Home"
,https://en.wikipedia.org/wiki/List_of_compositions_by_Bill_Evans,low,Bill's Hit Tune
1945.0,https://en.wikipedia.org/wiki/Billie%27s_Bounce,medium,Billie's Bounce
1912.0,https://en.wikipedia.org/wiki/Billy_Boy,medium,Billy Boy
1958.0,https://en.wikipedia.org/wiki/Birks%27_Works,medium,Birk's Works
1926.0,https://en.wikipedia.org/wiki/The_Birth_of_the_Blues,medium,"Birth Of The Blues, The"
1976.0,https://en.wikipedia.org/wiki/Black_and_Blue,medium,Black And Blue
1927.0,https://en.wikipedia.org/wiki/Black_and_Tan_Fantasy,medium,Black And Tan Fantasy
,,none,Black Butterfly
,https://en.wikipedia.org/wiki/Coffee,low,Black Coffee
1947.0,https://en.wikipedia.org/wiki/Black_Narcissus,medium,Black Narcissus
,https://en.wikipedia.org/wiki/Nile,low,Black Nile
1992.0,https://en.wikipedia.org/wiki/Blackberry_winter,medium,Blackberry Winter
1934.0,https://en.wikipedia.org/wiki/Blame_It_on_My_Youth,high,Blame It On My Youth
,https://en.wikipedia.org/wiki/Complete_blood_count,low,Blood Count
1950.0,https://en.wikipedia.org/wiki/Bloomdido,medium,Bloomdido
1999.0,"https://en.wikipedia.org/wiki/Blue_Skies,_Broken_Hearts...Next_12_Exits",medium,Blue (And Broken Hearted)
1961.0,https://en.wikipedia.org/wiki/Blue_%26_Sentimental,medium,Blue And Sentimental
1963.0,https://en.wikipedia.org/wiki/Blue_Bossa,medium,Blue Bossa
1941.0,https://en.wikipedia.org/wiki/Blue_Champagne,medium,Blue Champagne
,,none,Blue Daniel
1959.0,https://en.wikipedia.org/wiki/Blue_in_Green,medium,Blue In Green
1945.0,https://en.wikipedia.org/wiki/Lou_Marini,medium,Blue Lou
,https://en.wikipedia.org/wiki/List_of_compositions_by_Thelonious_Monk,low,Blue Monk
1937.0,https://en.wikipedia.org/wiki/Blue_moon,medium,Blue Moon
2015.0,https://en.wikipedia.org/wiki/Blue%27s_Room,medium,"Blue Room, The"
1983.0,https://en.wikipedia.org/wiki/Sing_Blue_Silver,medium,Blue Silver
1929.0,https://en.wikipedia.org/wiki/Blue_Skies_(1929_film),medium,Blue Skies
1994.0,https://en.wikipedia.org/wiki/Sonic_%26_Knuckles,medium,Blue Sphere
1929.0,https://en.wikipedia.org/wiki/Blue_Turning_Grey_over_You,medium,Blue Turning Grey Over You
1940.0,https://en.wikipedia.org/wiki/Blueberry_Hill,high,Blueberry Hill
1959.0,https://en.wikipedia.org/wiki/Thelonious_Alone_in_San_Francisco,medium,Bluehawk
1963.0,https://en.wikipedia.org/wiki/Monk%27s_Dream_(Thelonious_Monk_album),medium,Blues Five Spot
1951.0,https://en.wikipedia.org/wiki/Blues_for_Alice,medium,Blues For Alice
,https://en.wikipedia.org/wiki/Blues,low,Blues For Wood
1921.0,https://en.wikipedia.org/wiki/Harry_Babasin,medium,Blues In The Closet
1941.0,https://en.wikipedia.org/wiki/Blues_in_the_Night,high,Blues In The Night
1958.0,https://en.wikipedia.org/wiki/Blues_March,medium,Blues March
1962.0,https://en.wikipedia.org/wiki/Bluesette,medium,Bluesette
2017.0,https://en.wikipedia.org/wiki/On_Body_and_Soul,medium,Body And Soul
1955.0,https://en.wikipedia.org/wiki/Bohemia_After_Dark,medium,Bohemia After Dark
,https://en.wikipedia.org/wiki/Bolivia,low,Bolivia
2011.0,https://en.wikipedia.org/wiki/Shannon_family,medium,Boo Boo's Birthday
1961.0,https://en.wikipedia.org/wiki/At_the_Five_Spot,medium,Booker's Waltz
1957.0,https://en.wikipedia.org/wiki/Boplicity,medium,Boplicity
2015.0,https://en.wikipedia.org/wiki/Born_to_Be_Blue_(film),medium,Born To Be Blue
1964.0,https://en.wikipedia.org/wiki/Bossa_Antigua,medium,Bossa Antigua
2004.0,https://en.wikipedia.org/wiki/Boulevard_of_Broken_Dreams_(Green_Day_song),medium,"Boulevard Of Broken Dreams, The"
1946.0,https://en.wikipedia.org/wiki/Bouncing_with_Bud,medium,Bouncin' With Bud
1949.0,https://en.wikipedia.org/wiki/Bourbon_Street_Parade,medium,Bourbon Street Parade
2015.0,https://en.wikipedia.org/wiki/The_Boy_Next_Door_(film),medium,"Boy Next Door, The"
1939.0,https://en.wikipedia.org/wiki/Aquarela_do_Brasil,medium,Brazil (Aquarela Do Brasil)
,https://en.wikipedia.org/wiki/Brazil,low,Brazilian Like
1954.0,https://en.wikipedia.org/wiki/Suite_populaire_br%C3%A9silienne,high,Brazilian Suite
1928.0,https://en.wikipedia.org/wiki/The_Breeze_and_I,medium,"Breeze And I, The"
2002.0,https://en.wikipedia.org/wiki/Law_%26_Order:_Criminal_Intent_season_2,medium,Bright Boy
2009.0,https://en.wikipedia.org/wiki/The_Bright_Mississippi,medium,Bright Mississippi
1975.0,https://en.wikipedia.org/wiki/Bright_Size_Life,medium,Bright Size Life
1957.0,https://en.wikipedia.org/wiki/Brilliant_Corners,medium,Brilliant Corners
,,none,Broadway
1932.0,"https://en.wikipedia.org/wiki/Brother,_Can_You_Spare_a_Dime%3F",medium,Brother Can You Spare A Dime
1976.0,https://en.wikipedia.org/wiki/Brotherhood_of_Man,medium,Brotherhood Of Man
1924.0,https://en.wikipedia.org/wiki/Bud_Powell,medium,Bud Powell
,https://en.wikipedia.org/wiki/Bud%C5%8D,low,Budo
1914.0,https://en.wikipedia.org/wiki/Bunk%C5%8D,medium,Bunko
1947.0,https://en.wikipedia.org/wiki/But_Beautiful_(song),medium,But Beautiful
1930.0,https://en.wikipedia.org/wiki/But_Not_for_Me_(song),high,But Not For Me
,https://en.wikipedia.org/wiki/Butch_(slang),low,Butch And Butch
,https://en.wikipedia.org/wiki/Butterfly,low,Butterfly
1973.0,https://en.wikipedia.org/wiki/Butterfly_Dreams,medium,Butterfly Dreams
1975.0,https://en.wikipedia.org/wiki/All_by_Myself,medium,By Myself
1965.0,"https://en.wikipedia.org/wiki/Bye,_Bye,_Baby_(Baby_Goodbye)",medium,Bye Bye Baby
1926.0,https://en.wikipedia.org/wiki/Bye_Bye_Blackbird,high,Bye Bye Blackbird
1925.0,https://en.wikipedia.org/wiki/Bye_Bye_Blues_(song),medium,Bye Bye Blues
1963.0,https://en.wikipedia.org/wiki/Monk%27s_Dream_(Thelonious_Monk_album),medium,Bye-Ya
1941.0,https://en.wikipedia.org/wiki/C_Jam_Blues,high,C-Jam Blues
1997.0,https://en.wikipedia.org/wiki/Regulations_on_children%27s_television_programming_in_the_United_States,medium,C.T.A.
1947.0,https://en.wikipedia.org/wiki/C%27est_si_bon,medium,C'est Si Bon
,https://en.wikipedia.org/wiki/Cabaret,low,Cabaret
1943.0,https://en.wikipedia.org/wiki/Cabin_in_the_Sky_(film),medium,Cabin in the Sky
2012.0,https://en.wikipedia.org/wiki/Call_Me_Maybe,medium,Call Me
2007.0,https://en.wikipedia.org/wiki/Call_Me_Irresponsible_(album),medium,Call Me Irresponsible
1927.0,https://en.wikipedia.org/wiki/Can%27t_Help_Lovin%27_Dat_Man,medium,Can't Help Lovin' Dat Man
1975.0,https://en.wikipedia.org/wiki/Why_Can%27t_We_Be_Friends%3F_(song),medium,Can't We Be Friends
,https://en.wikipedia.org/wiki/Candy,low,Candy
1964.0,https://en.wikipedia.org/wiki/Cantaloupe_Island,medium,Cantaloupe Island
2019.0,https://en.wikipedia.org/wiki/Captain_Marvel_(film),medium,Captain Marvel
,https://en.wikipedia.org/wiki/Campervan,low,Caravan
2002.0,https://en.wikipedia.org/wiki/Catch_Me_If_You_Can,medium,Catch Me
1949.0,https://en.wikipedia.org/wiki/Celia_(1949_film),medium,Celia
2016.0,https://en.wikipedia.org/wiki/Central_Park,medium,Central Park West
1965.0,https://en.wikipedia.org/wiki/Cornbread_(album),medium,Ceora
2015.0,https://en.wikipedia.org/wiki/Chameleon,medium,Chameleon
1938.0,https://en.wikipedia.org/wiki/Change_Partners,high,Change Partners
2020.0,"https://en.wikipedia.org/wiki/Charleston,_South_Carolina",medium,Charleston
,,none,"Chase, The"
1926.0,https://en.wikipedia.org/wiki/John_Coltrane,medium,Chasin' The Trane
1935.0,https://en.wikipedia.org/wiki/Cheek_to_Cheek,high,Cheek To Cheek
1982.0,https://en.wikipedia.org/wiki/Cheers,medium,Cheers
,https://en.wikipedia.org/wiki/Cheesecake,low,Cheese Cake
2022.0,https://en.wikipedia.org/wiki/Cheetah,medium,Cheetah
1957.0,https://en.wikipedia.org/wiki/Chega_de_Saudade,medium,Chega De Saudade (No More Blues)
1858.0,https://en.wikipedia.org/wiki/Chelsea_Bridge,medium,Chelsea Bridge
,https://en.wikipedia.org/wiki/Cherokee,low,Cherokee
1983.0,https://en.wikipedia.org/wiki/Cheryl_(singer),medium,Cheryl
2020.0,https://en.wikipedia.org/wiki/Chicago,medium,Chicago
,https://en.wikipedia.org/wiki/Chicken,low,"Chicken, The"
,https://en.wikipedia.org/wiki/20th_Century_Studios,low,Children Of The Night
,https://en.wikipedia.org/wiki/Chucho,low,Chucho
2017.0,https://en.wikipedia.org/wiki/Close_Enough,medium,Close Enough For Love
2025.0,https://en.wikipedia.org/wiki/Close_Your_Eyes_(group),medium,Close Your Eyes
2000.0,https://en.wikipedia.org/wiki/Cold_Duck_Complex,medium,Cold Duck Time
1814.0,https://en.wikipedia.org/wiki/Come_Back_to_Me_(Janet_Jackson_song),medium,Come Back To Me
2010.0,https://en.wikipedia.org/wiki/Come_Fly_with_Me_(2010_TV_series),medium,Come Fly With Me
1946.0,https://en.wikipedia.org/wiki/Come_Rain_or_Come_Shine,medium,Come Rain Or Come Shine
1943.0,https://en.wikipedia.org/wiki/Come_Sunday,medium,Come Sunday
2003.0,https://en.wikipedia.org/wiki/Love_Comes_Softly,medium,Comes Love
1979.0,https://en.wikipedia.org/wiki/We_Will_Meet_Again,medium,Comrade Conrad
1954.0,https://en.wikipedia.org/wiki/Con_Alma,medium,Con Alma
,,none,Conception
,https://en.wikipedia.org/wiki/The_Conference_of_the_Birds,low,Conference Of The Birds
,https://en.wikipedia.org/wiki/Confirmation,low,Confirmation
,https://en.wikipedia.org/wiki/Contemplation,low,Contemplation
,https://en.wikipedia.org/wiki/Continuum_(measurement),low,Continuum
,,none,"Cool One, The"
1807.0,https://en.wikipedia.org/wiki/Copenhagen,medium,Copenhagen
,https://en.wikipedia.org/wiki/Coral,low,Coral
1884.0,https://en.wikipedia.org/wiki/Corcovado,medium,Corcovado
2003.0,https://en.wikipedia.org/wiki/The_Core,medium,"Core, The"
1929.0,https://en.wikipedia.org/wiki/A_Cottage_for_Sale,high,Cottage For Sale
1940.0,https://en.wikipedia.org/wiki/Cotton_Tail,medium,Cotton Tail
1994.0,https://en.wikipedia.org/wiki/It_Could_Happen_to_You_(1994_film),medium,Could It Be You
1929.0,https://en.wikipedia.org/wiki/Countdown,medium,Countdown
2010.0,https://en.wikipedia.org/wiki/Country,medium,Country
1858.0,https://en.wikipedia.org/wiki/Our_American_Cousin,medium,Cousin Mary
1949.0,https://en.wikipedia.org/wiki/Crazy_He_Calls_Me,high,Crazy He Calls Me
1980.0,https://en.wikipedia.org/wiki/Crazy_Rhythms,medium,Crazy Rhythm
1927.0,https://en.wikipedia.org/wiki/Creole_Love_Call,medium,Creole Love Call
,https://en.wikipedia.org/wiki/List_of_compositions_by_Thelonious_Monk,low,Crepuscule With Nellie
,https://en.wikipedia.org/wiki/Crisis,low,Crisis
1949.0,https://en.wikipedia.org/wiki/Criss_Cross_(film),medium,Criss Cross
1953.0,https://en.wikipedia.org/wiki/Cry_Me_a_River_(Arthur_Hamilton_song),high,Cry Me A River
1972.0,https://en.wikipedia.org/wiki/Crystal_Silence,medium,Crystal Silence
,https://en.wikipedia.org/wiki/Cuteness,low,Cute
,https://en.wikipedia.org/wiki/Cyclic_vomiting_syndrome,low,Cyclic Episode
1946.0,https://en.wikipedia.org/wiki/To_Each_His_Own_(Jay_Livingston_and_Ray_Evans_song),high,Cynthia's In Love
1954.0,https://en.wikipedia.org/wiki/Clifford_Brown_%26_Max_Roach,medium,Daahoud
1966.0,https://en.wikipedia.org/wiki/Speak_No_Evil_(Wayne_Shorter_album),medium,Dance Cadaverous
1924.0,https://en.wikipedia.org/wiki/Bud_Powell,medium,Dance Of The Infidels
2000.0,https://en.wikipedia.org/wiki/Dancer_in_the_Dark,medium,Dancing In The Dark
1986.0,https://en.wikipedia.org/wiki/Dancing_on_the_Ceiling,medium,Dancing On The Ceiling
1913.0,https://en.wikipedia.org/wiki/Danny_Boy,high,Danny Boy
1939.0,https://en.wikipedia.org/wiki/Darn_That_Dream,medium,Darn That Dream
1960.0,https://en.wikipedia.org/wiki/Dat_Dere,medium,Dat Dere
2007.0,https://en.wikipedia.org/wiki/Richard_of_Chichester,medium,Day By Day
,https://en.wikipedia.org/wiki/Daydreaming,low,Day Dream
,https://en.wikipedia.org/wiki/Daydreaming,low,Day Dreaming
1939.0,"https://en.wikipedia.org/wiki/Day_In,_Day_Out_(1939_song)",medium,"Day In, Day Out"
1989.0,https://en.wikipedia.org/wiki/Day_Wave,medium,Day Waves
,,none,Daybreak
2002.0,https://en.wikipedia.org/wiki/40_Days_and_40_Nights,medium,Days And Nights Waiting
1962.0,https://en.wikipedia.org/wiki/Days_of_Wine_and_Roses_(film),medium,Days Of Wine And Roses
1872.0,https://en.wikipedia.org/wiki/Dear_Lord_and_Father_of_Mankind,high,Dear Lord
1822.0,https://en.wikipedia.org/wiki/Dear_Old_Stockholm,medium,Dear Old Stockholm
1953.0,https://en.wikipedia.org/wiki/Vincent_Curatola,medium,Dearly Beloved
,https://en.wikipedia.org/wiki/Judgment_(law),low,Decision
1950.0,https://en.wikipedia.org/wiki/Dedicated_to_You_(Frank_Sinatra_album),medium,Dedicated To You
1926.0,https://en.wikipedia.org/wiki/%27Deed_I_Do,high,Deed I Do
1968.0,https://en.wikipedia.org/wiki/Deep_Purple,medium,Deep Purple
1960.0,https://en.wikipedia.org/wiki/Them_Dirty_Blues,medium,Del Sasser
1959.0,https://en.wikipedia.org/wiki/Desafinado,medium,Desafinado
1959.0,https://en.wikipedia.org/wiki/Desafinado,medium,Desafinado (Original)
1948.0,https://en.wikipedia.org/wiki/Detour_Ahead,medium,Detour Ahead
,,none,Devil May Care
,https://en.wikipedia.org/wiki/Dewey_Square,low,Dewey Square
,https://en.wikipedia.org/wiki/Fine_motor_skill,low,Dexterity
,,none,Diane
2006.0,https://en.wikipedia.org/wiki/Julien_Duranville,medium,Dienda
,,none,Dig
,https://en.wikipedia.org/wiki/Dinah,low,Dinah
1959.0,https://en.wikipedia.org/wiki/Dindi,medium,Dindi
1964.0,https://en.wikipedia.org/wiki/Diversity_(business),medium,Diverse
2012.0,https://en.wikipedia.org/wiki/Django_Unchained,medium,Django
2010.0,https://en.wikipedia.org/wiki/Do_It_Again_(film),medium,Do It Again
1940.0,https://en.wikipedia.org/wiki/Do_Nothing_till_You_Hear_from_Me,medium,Do Nothin' Til You Hear From Me
1947.0,https://en.wikipedia.org/wiki/Do_You_Know_What_It_Means_to_Miss_New_Orleans%3F,medium,Do You Know What It Means?
,https://en.wikipedia.org/wiki/Our_Lady_of_Sorrows,low,Dolores
1965.0,https://en.wikipedia.org/wiki/Maiden_Voyage_(Herbie_Hancock_album),medium,Dolphin Dance
,https://en.wikipedia.org/wiki/Dolphin,low,"Dolphin, The"
,https://en.wikipedia.org/wiki/Domingo_(name),low,Domingo
2026.0,https://en.wikipedia.org/wiki/Don%27t_Be_Dumb,medium,Don't Be That Way
2003.0,https://en.wikipedia.org/wiki/Don%27t_Blame_Me_(TV_series),medium,Don't Blame Me
1956.0,https://en.wikipedia.org/wiki/Don%27t_Explain_(song),medium,Don't Explain
1934.0,https://en.wikipedia.org/wiki/Don%27t_Fence_Me_In_(song),high,Don't Fence Me In
1940.0,https://en.wikipedia.org/wiki/Don%27t_Get_Around_Much_Anymore,high,Don't Get Around Much Anymore
1960.0,https://en.wikipedia.org/wiki/Don%27t_Go_to_Strangers,medium,Don't Go To Strangers
1999.0,https://en.wikipedia.org/wiki/Don%27t_Know_Why,medium,Don't Know Why
,"https://en.wikipedia.org/wiki/Anytime,_Anyplace,_Anywhere",low,Don't Misunderstand
1941.0,https://en.wikipedia.org/wiki/Don%27t_Take_Your_Love_from_Me,high,Don't Take Your Love From Me
2017.0,https://en.wikipedia.org/wiki/Don%27t_Worry_Bout_Me_Tour,medium,Don't Worry 'Bout Me
1947.0,https://en.wikipedia.org/wiki/Donna_Lee,medium,Donna Lee
1918.0,https://en.wikipedia.org/wiki/Down_by_the_Riverside,medium,Down By The Riverside
2012.0,https://en.wikipedia.org/wiki/Double_Down:_Game_Change_2012,medium,Down For Double
1936.0,https://en.wikipedia.org/wiki/Down_in_the_Depths_(On_the_Ninetieth_Floor),medium,Down In The Depths
,https://en.wikipedia.org/wiki/Doxycycline,low,Doxy
,https://en.wikipedia.org/wiki/Dream,low,Dream
1930.0,https://en.wikipedia.org/wiki/Dream_a_Little_Dream_of_Me,high,Dream A Little Dream Of Me
1941.0,https://en.wikipedia.org/wiki/Dream_Dancing_(Cole_Porter_song),medium,Dream Dancing
2001.0,https://en.wikipedia.org/wiki/Dreamsville,medium,Dreamsville
1945.0,https://en.wikipedia.org/wiki/Driftin%27_Blues,medium,Driftin'
1899.0,https://en.wikipedia.org/wiki/Duke_Ellington,medium,Duke Ellington's Sound Of Love
,https://en.wikipedia.org/wiki/Duke,low,"Duke, The"
,https://en.wikipedia.org/wiki/Extrasensory_perception,low,E.S.P.
,https://en.wikipedia.org/wiki/Autumn,low,Early Autumn
1991.0,https://en.wikipedia.org/wiki/East_of_the_Sun_(Lin_Halliday_album),medium,East Of The Sun
1926.0,https://en.wikipedia.org/wiki/East_St._Louis_Toodle-Oo,medium,East St. Louis Toodle-oo
1947.0,https://en.wikipedia.org/wiki/Easter_parade,medium,Easter Parade
1949.0,https://en.wikipedia.org/wiki/The_Great_Lover_(1949_film),medium,Easy Does It
,,none,Easy Living
,,none,Easy Street
1934.0,https://en.wikipedia.org/wiki/You%27d_Be_So_Easy_to_Love,medium,Easy To Love
,https://en.wikipedia.org/wiki/Anadrome,low,Ecaroh
1977.0,https://en.wikipedia.org/wiki/Eclypso_(album),medium,Eclypso
,https://en.wikipedia.org/wiki/Duvet,low,Eiderdown
,https://en.wikipedia.org/wiki/Eighty_One,low,Eighty One
2020.0,"https://en.wikipedia.org/wiki/El_Cajon,_California",medium,El Cajon
,https://en.wikipedia.org/wiki/Adam%27s_apple,low,El Gaucho
1999.0,"https://en.wikipedia.org/wiki/Elora,_Ontario",medium,Elora
1928.0,https://en.wikipedia.org/wiki/Embraceable_You,high,Embraceable You
1996.0,https://en.wikipedia.org/wiki/Emily,medium,Emily
1999.0,https://en.wikipedia.org/wiki/The_End_of_the_Affair_(1999_film),medium,"End Of A Love Affair, The"
,https://en.wikipedia.org/wiki/Epilogue,low,Epilogue
,https://en.wikipedia.org/wiki/List_of_compositions_by_Thelonious_Monk,low,Epistrophy
,https://en.wikipedia.org/wiki/Equinox,low,Equinox
1963.0,https://en.wikipedia.org/wiki/Criss-Cross_(album),medium,Eronel
,https://en.wikipedia.org/wiki/Estate_(law),low,Estate
1994.0,https://en.wikipedia.org/wiki/Love_triangle,medium,Eternal Triangle
1986.0,https://en.wikipedia.org/wiki/Every_Time_We_Say_Goodbye_(film),medium,Every Time We Say Goodbye
1966.0,https://en.wikipedia.org/wiki/Everybody%27s_Talkin%27,medium,Everybody's Song But My Own
1940.0,https://en.wikipedia.org/wiki/Everything_Happens_to_Me_(song),medium,Everything Happens To Me
1933.0,https://en.wikipedia.org/wiki/Everything_I_Have_Is_Yours_(song),medium,Everything I Have Is Yours
1996.0,https://en.wikipedia.org/wiki/Everything_I_Love_(Alan_Jackson_album),medium,Everything I Love
1991.0,https://en.wikipedia.org/wiki/Honey_Steel%27s_Gold,medium,Everything I've Got Belongs To You
,https://en.wikipedia.org/wiki/Evidence,low,Evidence
1930.0,https://en.wikipedia.org/wiki/Exactly_Like_You_(song),medium,Exactly Like You
,https://en.wikipedia.org/wiki/Eye_(cyclone),low,Eye of the Hurricane
,https://en.wikipedia.org/wiki/Autumn,low,Fall
1992.0,https://en.wikipedia.org/wiki/Falling_from_Grace_(film),medium,Falling Grace
1980.0,https://en.wikipedia.org/wiki/Falling_in_Love_Again_(1980_film),medium,Falling In Love Again
1938.0,https://en.wikipedia.org/wiki/Falling_in_Love_with_Love,high,Falling In Love With Love
1895.0,https://en.wikipedia.org/wiki/Pollock_v._Farmers%27_Loan_%26_Trust_Co.,medium,Farmer's Trust
1924.0,https://en.wikipedia.org/wiki/Fascinating_Rhythm,high,Fascinating Rhythm
1922.0,https://en.wikipedia.org/wiki/Fascination_(1922_film),medium,Fascination
2011.0,https://en.wikipedia.org/wiki/Favela,medium,Favela
1890.0,https://en.wikipedia.org/wiki/Fee-fi-fo-fum,medium,Fee-Fi-Fo-Fum
1940.0,https://en.wikipedia.org/wiki/Feel_Like_Makin%27_Love_(Roberta_Flack_song),medium,Feel Like Makin' Love
1998.0,https://en.wikipedia.org/wiki/It_Feels_So_Good,medium,Feels So Good
,https://en.wikipedia.org/wiki/Fever,low,Fever
1930.0,https://en.wikipedia.org/wiki/Fine_and_Dandy,medium,Fine And Dandy
1939.0,https://en.wikipedia.org/wiki/Fine_and_Mellow,medium,Fine And Mellow
1974.0,https://en.wikipedia.org/wiki/Firm_Roots_(Cedar_Walton_album),medium,Firm Roots
2011.0,https://en.wikipedia.org/wiki/The_United_(film),medium,Five Brothers
1959.0,https://en.wikipedia.org/wiki/Kind_of_Blue,medium,Flamenco Sketches
,https://en.wikipedia.org/wiki/Flamingo,low,Flamingo
1938.0,https://en.wikipedia.org/wiki/Flat_Foot_Floogie_(with_a_Floy_Floy),medium,Flat Foot Floogee
1960.0,https://en.wikipedia.org/wiki/The_Flintstones,medium,Flintstones
1954.0,https://en.wikipedia.org/wiki/Fly_Me_to_the_Moon,medium,Fly Me To The Moon
,https://en.wikipedia.org/wiki/Flying_Home,low,Flying Home
1937.0,https://en.wikipedia.org/wiki/The_Folks_Who_Live_on_the_Hill,medium,"Folks Who Live On The Hill, The"
1997.0,https://en.wikipedia.org/wiki/Fools_Rush_In_(1997_film),medium,Fools Rush In
,https://en.wikipedia.org/wiki/Footprint,low,Footprints
2005.0,https://en.wikipedia.org/wiki/All_We_Know_Is_Falling,medium,For All We Know
1950.0,https://en.wikipedia.org/wiki/For_Heaven%27s_Sake_(1950_film),medium,For Heaven's Sake
1840.0,"https://en.wikipedia.org/wiki/Union_Station_(Jackson,_Mississippi)",medium,For Jan
,https://en.wikipedia.org/wiki/Legal_status_of_fictional_pornography_depicting_minors,low,For Minors Only
1965.0,https://en.wikipedia.org/wiki/For_Once_in_My_Life,medium,For Once In My Life
1941.0,https://en.wikipedia.org/wiki/For_Sentimental_Reasons_(Nat_King_Cole_album),medium,For Sentimental Reasons
1936.0,"https://en.wikipedia.org/wiki/For_You,_for_Me,_for_Evermore",medium,"For You, For Me, For Evermore"
1966.0,https://en.wikipedia.org/wiki/Forest_Flower,medium,Forest Flower
1991.0,https://en.wikipedia.org/wiki/Lies_Before_Kisses,medium,Forever Sonny
,https://en.wikipedia.org/wiki/4,low,Four
2005.0,https://en.wikipedia.org/wiki/Four_Brothers_(film),medium,Four Brothers
1981.0,https://en.wikipedia.org/wiki/The_Four_Seasons_(TV_series),medium,Four In One
2017.0,https://en.wikipedia.org/wiki/Six_Four,high,Four On Six
1957.0,https://en.wikipedia.org/wiki/Fran_Drescher,medium,Fran Dance
,https://en.wikipedia.org/wiki/Freckle,low,Freckle Face
1959.0,https://en.wikipedia.org/wiki/Freddie_Freeloader,medium,Freddie Freeloader
,https://en.wikipedia.org/wiki/Freight_train,low,Freight Train
1939.0,https://en.wikipedia.org/wiki/Frenesi,high,Frenesi
,https://en.wikipedia.org/wiki/Friday_the_13th,low,Friday The 13th
2002.0,https://en.wikipedia.org/wiki/The_Frim-Fram_Sauce,medium,"Frim Fram Sauce, The"
1997.0,https://en.wikipedia.org/wiki/From_This_Moment_On_(Shania_Twain_song),medium,From This Moment On
1987.0,https://en.wikipedia.org/wiki/Full_House,medium,Full House
1974.0,https://en.wikipedia.org/wiki/She_Was_Too_Good_to_Me,medium,Funk In Deep Freeze
1956.0,https://en.wikipedia.org/wiki/Funkallero,medium,Funkallero
1935.0,"https://en.wikipedia.org/wiki/Gallup,_Inc.",medium,Gallop's Gallop
1964.0,https://en.wikipedia.org/wiki/The_Sidewinder,medium,Gary's Notebook
1929.0,"https://en.wikipedia.org/wiki/Gee,_Baby,_Ain%27t_I_Good_to_You",medium,"Gee Baby, Ain't I Good To You"
,,none,"Gentle Rain, The"
,https://en.wikipedia.org/wiki/So_What_chord,low,Gentle Wind And Falling Tear
1930.0,https://en.wikipedia.org/wiki/Georgia_on_My_Mind,high,Georgia On My Mind
,,none,Get Happy
1956.0,https://en.wikipedia.org/wiki/Get_Me_to_the_Church_on_Time,medium,Get Me To The Church On Time
1938.0,https://en.wikipedia.org/wiki/Get_Out_of_Town,high,Get Out Of Town
1960.0,https://en.wikipedia.org/wiki/Giant_Steps,medium,Giant Steps
1965.0,https://en.wikipedia.org/wiki/The_Girl_from_Ipanema,medium,"Girl From Ipanema, The"
1983.0,https://en.wikipedia.org/wiki/Girl_Talk_(duo),medium,Girl Talk
1945.0,https://en.wikipedia.org/wiki/Give_Me_the_Simple_Life,medium,Give Me The Simple Life
1936.0,https://en.wikipedia.org/wiki/Glad_to_Be_Unhappy,high,Glad To Be Unhappy
1961.0,"https://en.wikipedia.org/wiki/The_Complete_Village_Vanguard_Recordings,_1961",medium,Gloria's Step
,,none,"Glory Of Love, The"
1939.0,https://en.wikipedia.org/wiki/God_Bless_the_Child_(Billie_Holiday_song),medium,God Bless The Child
,https://en.wikipedia.org/wiki/Godparent,low,Godchild
1961.0,https://en.wikipedia.org/wiki/Golden_Earring,medium,Golden Earring
1939.0,https://en.wikipedia.org/wiki/Gone_with_the_Wind_(film),medium,Gone With The Wind
1944.0,https://en.wikipedia.org/wiki/Good_Bait,medium,Good Bait
1975.0,https://en.wikipedia.org/wiki/The_Good_Life_(1975_TV_series),medium,"Good Life, The"
1946.0,https://en.wikipedia.org/wiki/Good_Morning_Heartache,medium,Good Morning Heartache
1918.0,https://en.wikipedia.org/wiki/Goodbye_(1918_film),medium,Goodbye
1959.0,https://en.wikipedia.org/wiki/Goodbye_Pork_Pie_Hat,medium,Goodbye Pork Pie Hat
2007.0,https://en.wikipedia.org/wiki/Who%27s_Got_a_Match%3F,medium,Got A Match?
2007.0,https://en.wikipedia.org/wiki/Grand_Central_Terminal,medium,Grand Central
1956.0,https://en.wikipedia.org/wiki/Christoph_Waltz,medium,"Gravy Waltz, The"
1983.0,https://en.wikipedia.org/wiki/Green_Chimneys,medium,Green Chimneys
,https://en.wikipedia.org/wiki/Pope_Gregory_XIII,low,Gregory Is Here
1945.0,https://en.wikipedia.org/wiki/Groovin%27_High,medium,Groovin' High
1972.0,https://en.wikipedia.org/wiki/H%26H_Bagels,medium,H & H
,https://en.wikipedia.org/wiki/Hackensack_people,low,Hackensack
1873.0,https://en.wikipedia.org/wiki/Nelson_hold,medium,Half Nelson
1956.0,https://en.wikipedia.org/wiki/Hallelujah_I_Love_Her_So,medium,Hallelujah I Love Her So
,https://en.wikipedia.org/wiki/Hallucination,low,Hallucinations
1943.0,https://en.wikipedia.org/wiki/Happiness_Is_a_Thing_Called_Joe,medium,Happiness Is A Thing Called Joe
1953.0,https://en.wikipedia.org/wiki/Chet_Baker_Quartet_featuring_Russ_Freeman,medium,Happy Little Sunbeam
,https://en.wikipedia.org/wiki/Happy_talk,low,Happy Talk
1939.0,https://en.wikipedia.org/wiki/Harlem_Nocturne,high,Harlem Nocturne
2024.0,https://en.wikipedia.org/wiki/Haunted_Heart_(film),medium,Haunted Heart
1937.0,https://en.wikipedia.org/wiki/Have_You_Met_Miss_Jones%3F,high,Have You Met Miss Jones?
1955.0,https://en.wikipedia.org/wiki/Lady_and_the_Tramp,medium,He's A Tramp
1917.0,https://en.wikipedia.org/wiki/Heart_and_Soul_(1917_film),medium,Heart And Soul
2024.0,https://en.wikipedia.org/wiki/Heat_wave,medium,Heat Wave
,https://en.wikipedia.org/wiki/Heaven,low,Heaven
1826.0,https://en.wikipedia.org/wiki/Hello,medium,Hello
1964.0,"https://en.wikipedia.org/wiki/Hello,_Dolly!_(musical)",medium,Hello Dolly
1951.0,"https://en.wikipedia.org/wiki/Hello,_Young_Lovers_(song)",high,Hello Young Lovers
1953.0,https://en.wikipedia.org/wiki/Here%27s_That_Rainy_Day,high,Here's That Rainy Day
2005.0,https://en.wikipedia.org/wiki/It%27s_Always_Sunny_in_Philadelphia,medium,Here's That Sunny Day
1992.0,https://en.wikipedia.org/wiki/Here%27s_to_Life,medium,Here's To Life
1978.0,https://en.wikipedia.org/wiki/Here%27s_to_My_Lady,medium,Here's To My Lady
1954.0,https://en.wikipedia.org/wiki/Hey_There,high,Hey There
1975.0,https://en.wikipedia.org/wiki/Gnu_High,medium,Heyoke
1937.0,https://en.wikipedia.org/wiki/Hideaway_(1937_film),medium,Hideaway
2022.0,https://en.wikipedia.org/wiki/Fly_High_Butterfly,medium,High Fly
1988.0,https://en.wikipedia.org/wiki/High_Hopes_(1988_film),medium,High Hopes
1993.0,https://en.wikipedia.org/wiki/Hocus_Pocus_(1993_film),medium,Hocus-Pocus
2007.0,https://en.wikipedia.org/wiki/Home_at_Last_(Billy_Ray_Cyrus_album),medium,Home At Last
1989.0,https://en.wikipedia.org/wiki/Home_Cookin%27_(band),medium,Home Cookin'
,https://en.wikipedia.org/wiki/Homecoming,low,Homecoming
1980.0,https://en.wikipedia.org/wiki/Honeysuckle_Rose_(film),medium,Honeysuckle Rose
1960.0,https://en.wikipedia.org/wiki/Horace-Scope,medium,Horace-Scope
,https://en.wikipedia.org/wiki/Greenhouse,low,Hot House
1999.0,https://en.wikipedia.org/wiki/Olivia_Jade,medium,House Of Jade
2007.0,https://en.wikipedia.org/wiki/How_About_You_(film),medium,How About You
1947.0,https://en.wikipedia.org/wiki/How_Are_Things_in_Glocca_Morra%3F,medium,How Are Things In Glocca Morra
1932.0,https://en.wikipedia.org/wiki/How_Deep_Is_the_Ocean%3F,medium,How Deep Is The Ocean
1940.0,https://en.wikipedia.org/wiki/How_High_the_Moon,high,How High The Moon
1994.0,https://en.wikipedia.org/wiki/How_Insensitive,medium,How Insensitive
1944.0,https://en.wikipedia.org/wiki/How_Little_We_Know,medium,How Little We Know
1928.0,https://en.wikipedia.org/wiki/How_Long_Has_This_Been_Going_On%3F,high,How Long Has This Been Going On?
1962.0,https://en.wikipedia.org/wiki/How_My_Heart_Sings!,medium,How My Heart Sings
1870.0,https://en.wikipedia.org/wiki/Humpty_Dumpty,medium,Humpty Dumpty
,https://en.wikipedia.org/wiki/Hungary,low,Hungaria
1915.0,https://en.wikipedia.org/wiki/I_Ain%27t_Got_Nobody,high,I Ain't Got Nobody
1952.0,https://en.wikipedia.org/wiki/I_Believe_in_You_(film),medium,I Believe In You
1926.0,https://en.wikipedia.org/wiki/I_Can%27t_Believe_That_You%27re_in_Love_with_Me,medium,I Can't Believe That You're In Love With Me
1936.0,https://en.wikipedia.org/wiki/I_Can%27t_Get_Started,high,I Can't Get Started
1928.0,"https://en.wikipedia.org/wiki/I_Can%27t_Give_You_Anything_but_Love,_Baby",medium,I Can't Give You Anything But Love
1940.0,https://en.wikipedia.org/wiki/I_Concentrate_on_You,medium,I Concentrate On You
1956.0,https://en.wikipedia.org/wiki/I_Could_Have_Danced_All_Night,high,I Could Have Danced All Night
1940.0,https://en.wikipedia.org/wiki/I_Could_Write_a_Book,high,I Could Write A Book
1933.0,https://en.wikipedia.org/wiki/I_Cover_the_Waterfront,medium,I Cover The Waterfront
1923.0,https://en.wikipedia.org/wiki/I_Cried_for_You,medium,I Cried For You
1944.0,https://en.wikipedia.org/wiki/I_Didn%27t_Know_About_You,medium,I Didn't Know About You
1939.0,https://en.wikipedia.org/wiki/I_Didn%27t_Know_What_Time_It_Was,medium,I Didn't Know What Time It Was
2021.0,https://en.wikipedia.org/wiki/The_Nevers,medium,I Don't Know Enough About You
1961.0,https://en.wikipedia.org/wiki/Mis%27ry_and_the_Blues,medium,I Don't Want To Miss Mississippi
1944.0,https://en.wikipedia.org/wiki/I_Fall_in_Love_Too_Easily,high,I Fall In Love Too Easily
2018.0,https://en.wikipedia.org/wiki/I_Feel_Pretty_(film),medium,I Feel Pretty
1926.0,https://en.wikipedia.org/wiki/I%27ve_Found_a_New_Baby,medium,I Found A New Baby
1934.0,https://en.wikipedia.org/wiki/I_Get_a_Kick_Out_of_You,medium,I Get A Kick Out Of You
1990.0,https://en.wikipedia.org/wiki/Ellen_Arkbro,medium,I Get Along Without You
2023.0,https://en.wikipedia.org/wiki/I_Got_It_Bad_(Addison_Rae_song),medium,I Got It Bad
1930.0,https://en.wikipedia.org/wiki/I_Got_Rhythm,high,I Got Rhythm
1946.0,https://en.wikipedia.org/wiki/I_Got_the_Sun_in_the_Mornin%27_(and_the_Moon_at_Night),medium,I Got The Sun In The Morning
1932.0,https://en.wikipedia.org/wiki/I_Gotta_Right_to_Sing_the_Blues,medium,I Gotta Right To Sing The Blues
1944.0,https://en.wikipedia.org/wiki/I_Guess_I%27ll_Hang_My_Tears_Out_to_Dry,high,I Guess I'll Hang My Tears Out To Dry
1929.0,https://en.wikipedia.org/wiki/I_Guess_I%27ll_Have_to_Change_My_Plan,medium,I Guess I'll Have To Change My Plan
1938.0,https://en.wikipedia.org/wiki/I_Hadn%27t_Anyone_Till_You,high,I Hadn't Anyone Till You
1963.0,https://en.wikipedia.org/wiki/I_Have_a_Dream,medium,I Have Dreamed
1941.0,https://en.wikipedia.org/wiki/I_Hear_a_Rhapsody,medium,I Hear A Rhapsody
1985.0,https://en.wikipedia.org/wiki/When_I_Hear_Music,medium,I Hear Music
1953.0,https://en.wikipedia.org/wiki/I_Left_My_Heart_in_San_Francisco,medium,I Left My Heart In San Francisco
1938.0,https://en.wikipedia.org/wiki/I_Let_a_Song_Go_Out_of_My_Heart,medium,I Let A Song Go Out Of My Heart
2002.0,https://en.wikipedia.org/wiki/List_of_What_I_Like_About_You_episodes,medium,I Like The Likes Of You
1961.0,https://en.wikipedia.org/wiki/I_Love_Being_Here_with_You,medium,I Love Being Here With You
1953.0,https://en.wikipedia.org/wiki/I_Love_Paris,medium,I Love Paris
1918.0,https://en.wikipedia.org/wiki/I_Love_You_(1918_film),medium,I Love You
1935.0,"https://en.wikipedia.org/wiki/I_Loves_You,_Porgy",medium,I Loves You Porgy
2002.0,https://en.wikipedia.org/wiki/I_May_Be_Wrong_but_I_Doubt_It,medium,I May Be Wrong
,https://en.wikipedia.org/wiki/List_of_compositions_by_Thelonious_Monk,low,I Mean You
1934.0,https://en.wikipedia.org/wiki/I_Only_Have_Eyes_for_You,high,I Only Have Eyes For You
1956.0,https://en.wikipedia.org/wiki/I_Remember_Clifford_(song),high,I Remember Clifford
,,none,I Remember You
1937.0,https://en.wikipedia.org/wiki/I_See_Your_Face_Before_Me,medium,I See Your Face Before Me
1944.0,https://en.wikipedia.org/wiki/I_Should_Care,high,I Should Care
1931.0,https://en.wikipedia.org/wiki/I_Surrender_Dear,high,I Surrender Dear
1986.0,https://en.wikipedia.org/wiki/When_I_Think_of_You,medium,I Think Of You
1939.0,https://en.wikipedia.org/wiki/I_Thought_About_You,medium,I Thought About You
1938.0,https://en.wikipedia.org/wiki/I_Used_to_Be_Color_Blind,medium,I Used To Be Color Blind
1924.0,https://en.wikipedia.org/wiki/I_Want_to_Be_Happy,high,I Want To Be Happy
2024.0,https://en.wikipedia.org/wiki/I_Want_to_Talk,medium,I Want To Talk About You
1938.0,https://en.wikipedia.org/wiki/I_Was_Doing_All_Right,medium,I Was Doing All Right
1964.0,https://en.wikipedia.org/wiki/I_Will_Wait_for_You,medium,I Will Wait For You
1963.0,https://en.wikipedia.org/wiki/I_Wish_I_Knew_How_It_Would_Feel_to_Be_Free,medium,I Wish I Knew
1963.0,https://en.wikipedia.org/wiki/I_Wish_I_Knew_How_It_Would_Feel_to_Be_Free,medium,I Wish I Knew How It Would Feel To Be Free
1937.0,https://en.wikipedia.org/wiki/I_Wish_I_Were_in_Love_Again,high,I Wish I Were In Love Again
1943.0,https://en.wikipedia.org/wiki/Que_reste-t-il_de_nos_amours_%3F,medium,I Wish You Love
1973.0,https://en.wikipedia.org/wiki/I%27ll_Be_Around_(The_Spinners_song),medium,I'll Be Around
1938.0,https://en.wikipedia.org/wiki/I%27ll_Be_Seeing_You_(song),high,I'll Be Seeing You
1945.0,https://en.wikipedia.org/wiki/I%27ll_Close_My_Eyes_(song),medium,I'll Close My Eyes
1928.0,https://en.wikipedia.org/wiki/I%27ll_Get_By_(As_Long_as_I_Have_You),medium,I'll Get By (As Long As I Have You)
1932.0,https://en.wikipedia.org/wiki/I%27ll_Never_Be_the_Same,medium,I'll Never Be The Same
1939.0,https://en.wikipedia.org/wiki/I%27ll_Never_Smile_Again,high,I'll Never Smile Again
1913.0,https://en.wikipedia.org/wiki/Jimmy_Van_Heusen,medium,I'll Only Miss Her When I Think Of Her
1941.0,https://en.wikipedia.org/wiki/I%27ll_Remember_April_(song),medium,I'll Remember April
1924.0,https://en.wikipedia.org/wiki/I%27ll_See_You_in_My_Dreams_(1924_song),high,I'll See You In My Dreams
,https://en.wikipedia.org/wiki/I%27ll_Take_Romance,low,I'll Take Romance
1951.0,https://en.wikipedia.org/wiki/I%27m_a_Fool_to_Want_You,medium,I'm A Fool To Want You
,,none,I'm All Smiles
1917.0,https://en.wikipedia.org/wiki/I%27m_Always_Chasing_Rainbows,high,I'm Always Chasing Rainbows
1936.0,https://en.wikipedia.org/wiki/I%27m_an_Old_Cowhand_(From_the_Rio_Grande),medium,I'm An Old Cowhand
1944.0,https://en.wikipedia.org/wiki/I%27m_Beginning_to_See_the_Light,high,I'm Beginning To See The Light
1930.0,https://en.wikipedia.org/wiki/Confessin%27,high,I'm Confessin' (That I Love You)
1932.0,https://en.wikipedia.org/wiki/I%27m_Getting_Sentimental_over_You,medium,I'm Getting Sentimental Over You
1941.0,https://en.wikipedia.org/wiki/I%27m_Glad_There_Is_You,medium,I'm Glad There Is You
1960.0,https://en.wikipedia.org/wiki/Johnny%27s_Mood,medium,I'm Gonna Laugh You Right Out Of My Life
1935.0,https://en.wikipedia.org/wiki/I%27m_Gonna_Sit_Right_Down_and_Write_Myself_a_Letter,medium,I'm Gonna Sit Right Down and Write Myself A Letter
2000.0,https://en.wikipedia.org/wiki/In_the_Mood_for_Love,medium,I'm In The Mood For Love
1945.0,https://en.wikipedia.org/wiki/I%27m_Just_a_Lucky_So-and-So,medium,I'm Just A Lucky So-And-So
1942.0,https://en.wikipedia.org/wiki/I%27m_Old_Fashioned,medium,I'm Old Fashioned
1936.0,https://en.wikipedia.org/wiki/I%27m_Putting_All_My_Eggs_in_One_Basket,medium,I'm Putting All My Eggs In One Basket
1925.0,https://en.wikipedia.org/wiki/I%27m_Sitting_on_Top_of_the_World,high,I'm Sitting On Top Of The World
1931.0,https://en.wikipedia.org/wiki/I%27m_Thru_with_Love,medium,I'm Through With Love
1926.0,https://en.wikipedia.org/wiki/I%27ve_Found_a_New_Baby,medium,I've Found A New Baby
1930.0,https://en.wikipedia.org/wiki/I%27ve_Got_a_Crush_on_You,high,I've Got A Crush On You
1937.0,https://en.wikipedia.org/wiki/I%27ve_Got_My_Love_to_Keep_Me_Warm,high,I've Got My Love To Keep Me Warm
1932.0,https://en.wikipedia.org/wiki/I%27ve_Got_the_World_on_a_String,high,I've Got The World On A String
1936.0,https://en.wikipedia.org/wiki/I%27ve_Got_You_Under_My_Skin,high,I've Got You Under My Skin
1956.0,https://en.wikipedia.org/wiki/I%27ve_Grown_Accustomed_to_Her_Face,high,I've Grown Accustomed To Her Face
1942.0,https://en.wikipedia.org/wiki/I%27ve_Heard_That_Song_Before,high,I've Heard That Song Before
1950.0,https://en.wikipedia.org/wiki/I%27ve_Never_Been_in_Love_Before,high,I've Never Been In Love Before
,,none,I've Told Eve'ry Little Star
1963.0,https://en.wikipedia.org/wiki/Idle_Moments,medium,Idle Moments
1958.0,https://en.wikipedia.org/wiki/Camelot_(musical),medium,If Ever I Would Leave You
1926.0,https://en.wikipedia.org/wiki/If_I_Could_Be_with_You_(One_Hour_Tonight),high,If I Could Be With You
1939.0,https://en.wikipedia.org/wiki/If_I_Didn%27t_Care,medium,If I Didn't Care
2025.0,https://en.wikipedia.org/wiki/If_I_Had_Legs_I%27d_Kick_You,medium,If I Had You
1966.0,https://en.wikipedia.org/wiki/I_know_that_I_know_nothing,medium,If I Knew Then (What I Know Now)
1945.0,https://en.wikipedia.org/wiki/If_I_Loved_You,medium,If I Loved You
1996.0,https://en.wikipedia.org/wiki/If_I_Ruled_the_World_(Imagine_That),medium,If I Ruled The World
1936.0,https://en.wikipedia.org/wiki/If_I_Should_Lose_You,medium,If I Should Lose You
1950.0,https://en.wikipedia.org/wiki/If_I_Were_a_Bell,medium,If I Were A Bell
1934.0,https://en.wikipedia.org/wiki/Revenge_with_Music,medium,If There Is Someone Lovelier
2005.0,https://en.wikipedia.org/wiki/If_You_Could_See_Me_Now_(Ahern_novel),medium,If You Could See Me Now
2019.0,https://en.wikipedia.org/wiki/I_Think_You_Should_Leave_with_Tim_Robinson,medium,If You Ever Should Leave
,https://en.wikipedia.org/wiki/In%C3%BAtil_Paisagem,low,If You Never Come To Me (Inutil Paisagem)
,,none,Ill Wind
,https://en.wikipedia.org/wiki/Imagination,low,Imagination
2018.0,https://en.wikipedia.org/wiki/Liver,medium,Impressions
1926.0,https://en.wikipedia.org/wiki/In_a_Little_Spanish_Town,medium,In A Little Spanish Town
1940.0,https://en.wikipedia.org/wiki/In_a_Mellow_Tone,medium,In A Mellow Tone (In A Mellotone)
1935.0,https://en.wikipedia.org/wiki/In_a_Sentimental_Mood,high,In a Sentimental Mood
,https://en.wikipedia.org/wiki/Shanty_town,low,In A Shanty In Old Shanty Town
1969.0,https://en.wikipedia.org/wiki/In_a_Silent_Way,medium,In A Silent Way
1987.0,https://en.wikipedia.org/wiki/Still_Life_(Talking),medium,In Her Family
1937.0,https://en.wikipedia.org/wiki/Love_in_Vain,medium,In Love In Vain
1973.0,https://en.wikipedia.org/wiki/In_Pursuit_of_the_27th_Man,medium,In Pursuit Of The 27th Man
1951.0,"https://en.wikipedia.org/wiki/In_the_Cool,_Cool,_Cool_of_the_Evening",medium,"In The Cool, Cool, Cool Of The Evening"
2000.0,https://en.wikipedia.org/wiki/Lip_kiss,medium,In The Middle Of A Kiss
1987.0,https://en.wikipedia.org/wiki/Still_of_the_Night_(song),medium,In The Still Of The Night
1955.0,https://en.wikipedia.org/wiki/In_the_Wee_Small_Hours_of_the_Morning,medium,In The Wee Small Hours Of The Morning
1947.0,https://en.wikipedia.org/wiki/In_Walked_Bud,high,In Walked Bud
1952.0,https://en.wikipedia.org/wiki/In_Your_Own_Sweet_Way,high,In Your Own Sweet Way
,https://en.wikipedia.org/wiki/Incentive,low,Incentive
,https://en.wikipedia.org/wiki/Geometer_moth,low,"Inch Worm, The"
1851.0,https://en.wikipedia.org/wiki/Indian_summer,medium,Indian Summer
1917.0,https://en.wikipedia.org/wiki/Back_Home_Again_in_Indiana,high,Indiana (Back Home Again In)
1978.0,https://en.wikipedia.org/wiki/Infant_Eyes,medium,Infant Eyes
1966.0,https://en.wikipedia.org/wiki/Inner_Urge_(Joe_Henderson_album),medium,Inner Urge
1963.0,https://en.wikipedia.org/wiki/Interplay_(Bill_Evans_album),medium,Interplay
,https://en.wikipedia.org/wiki/The_Intrepid_Fox,low,"Intrepid Fox, The"
1952.0,https://en.wikipedia.org/wiki/Invitation_(1952_film),medium,Invitation
,https://en.wikipedia.org/wiki/Iris_(anatomy),low,Iris
1933.0,https://en.wikipedia.org/wiki/Lloyd_Price,medium,Irresistable You
,,none,Is That So?
1943.0,https://en.wikipedia.org/wiki/Is_You_Is_or_Is_You_Ain%27t_My_Baby,medium,Is You Is Or Is You Ain't (Ma' Baby)
,https://en.wikipedia.org/wiki/Isfahan,low,Isfahan
1963.0,https://en.wikipedia.org/wiki/Christine_Cavanaugh,medium,Island Birdie
1970.0,https://en.wikipedia.org/wiki/Isn%27t_It_a_Pity,medium,Isn't It A Pity
2019.0,https://en.wikipedia.org/wiki/Isn%27t_It_Romantic_(2019_film),medium,Isn't It Romantic?
2016.0,https://en.wikipedia.org/wiki/Cruel_Youth,medium,Isn't This A Lovely Day (To Be Caught In The Rain)
1913.0,https://en.wikipedia.org/wiki/Isotope,medium,Isotope
,https://en.wikipedia.org/wiki/Israel,low,Israel
1935.0,https://en.wikipedia.org/wiki/It_Ain%27t_Necessarily_So,medium,It Ain't Necessarily So
1994.0,https://en.wikipedia.org/wiki/It_Could_Happen_to_You_(1994_film),medium,It Could Happen To You
1931.0,https://en.wikipedia.org/wiki/It_Don%27t_Mean_a_Thing_(If_It_Ain%27t_Got_That_Swing),medium,It Don't Mean A Thing
1924.0,https://en.wikipedia.org/wiki/It_Had_to_Be_You_(song),high,It Had To Be You
1945.0,https://en.wikipedia.org/wiki/It_Might_as_Well_Be_Spring,high,It Might As Well Be Spring
1940.0,https://en.wikipedia.org/wiki/It_Never_Entered_My_Mind,high,It Never Entered My Mind
1948.0,https://en.wikipedia.org/wiki/Easter_Parade_(film),medium,It Only Happens When I Dance With You
1988.0,"https://en.wikipedia.org/wiki/So_Far,_So_Good..._So_What!",medium,It Was So Good While It Lasted
1902.0,https://en.wikipedia.org/wiki/John_Rox,medium,It's A Big Wide Wonderful World
1955.0,https://en.wikipedia.org/wiki/It%27s_a_Blue_World_(Mel_Torm%C3%A9_album),medium,It's A Blue World
,https://en.wikipedia.org/wiki/Dance,low,It's A Dance
1993.0,https://en.wikipedia.org/wiki/It_Was_a_Good_Day,medium,It's A Good Day
1950.0,https://en.wikipedia.org/wiki/It%27s_a_Lovely_Day_Today,medium,It's A Lovely Day Today
1961.0,https://en.wikipedia.org/wiki/Time_Further_Out,medium,It's A Raggy Waltz
1953.0,https://en.wikipedia.org/wiki/It%27s_All_Right_with_Me,high,It's All Right With Me
1945.0,"https://en.wikipedia.org/wiki/It%27s_Been_a_Long,_Long_Time",medium,It's Been A Long Long Time
2004.0,https://en.wikipedia.org/wiki/De-Lovely,medium,It's De-lovely
1935.0,https://en.wikipedia.org/wiki/It%27s_Easy_to_Remember_(And_So_Hard_to_Forget),high,It's Easy To Remember
1968.0,https://en.wikipedia.org/wiki/Somos_Novios_(It%27s_Impossible),medium,It's Impossible
1981.0,https://en.wikipedia.org/wiki/Talk_Talk,medium,It's Just Talk
1947.0,https://en.wikipedia.org/wiki/It%27s_Magic,medium,It's Magic
1933.0,https://en.wikipedia.org/wiki/It%27s_Only_a_Paper_Moon,medium,It's Only a Paper Moon
1933.0,https://en.wikipedia.org/wiki/It%27s_the_Talk_of_the_Town,medium,It's The Talk Of The Town
1963.0,https://en.wikipedia.org/wiki/It%27s_You_or_No_One,medium,It's You Or No One
,https://en.wikipedia.org/wiki/List_of_compositions_by_Thelonious_Monk,low,Jackie-ing
1951.0,https://en.wikipedia.org/wiki/Jaco_Pastorius,medium,Jaco
1940.0,https://en.wikipedia.org/wiki/James_(given_name),medium,James
1966.0,https://en.wikipedia.org/wiki/Folk_jazz,medium,Jazz Folk
1988.0,https://en.wikipedia.org/wiki/Je_ne_sais_pas_pourquoi,medium,Je Ne Sais Pas
1965.0,https://en.wikipedia.org/wiki/I_Dream_of_Jeannie,medium,Jeannie's Song
,https://en.wikipedia.org/wiki/Jeannine,low,Jeannine
2017.0,https://en.wikipedia.org/wiki/Jeepers_Creepers_3,medium,Jeepers Creepers
1942.0,https://en.wikipedia.org/wiki/Jersey_Bounce,medium,Jersey Bounce
,,none,Jinrikisha
1942.0,https://en.wikipedia.org/wiki/Jitterbug_Waltz,medium,Jitterbug Waltz
1966.0,https://en.wikipedia.org/wiki/The_Jody_Grind,medium,"Jody Grind, The"
1940.0,https://en.wikipedia.org/wiki/Joker_(character),medium,"Joker, The"
1953.0,https://en.wikipedia.org/wiki/Jordu,medium,Jordu
,https://en.wikipedia.org/wiki/Joshua,low,Joshua
1954.0,https://en.wikipedia.org/wiki/Joy_Spring,medium,Joy Spring
,https://en.wikipedia.org/wiki/Juju,low,Juju
1909.0,https://en.wikipedia.org/wiki/Symphony_Sid,medium,Jumpin With Symphony Sid
1929.0,https://en.wikipedia.org/wiki/Just_a_Gigolo_(song),high,Just A Gigolo
1941.0,https://en.wikipedia.org/wiki/Just_A-Sittin%27_and_A-Rockin%27,medium,Just A-Sittin' And A-Rockin
2005.0,https://en.wikipedia.org/wiki/Just_Friends,medium,Just Friends
2025.0,https://en.wikipedia.org/wiki/Just_in_Time_(musical),medium,Just In Time
,https://en.wikipedia.org/wiki/Just_intonation,low,Just In Tune
1993.0,https://en.wikipedia.org/wiki/List_of_Goodnight_Sweetheart_episodes,medium,Just One More Chance
1935.0,https://en.wikipedia.org/wiki/Just_One_of_Those_Things_(song),medium,Just One Of Those Things
1941.0,https://en.wikipedia.org/wiki/Just_Squeeze_Me_(But_Please_Don%27t_Tease_Me),medium,Just Squeeze Me
1929.0,"https://en.wikipedia.org/wiki/Just_You,_Just_Me",medium,"Just You, Just Me"
1927.0,https://en.wikipedia.org/wiki/Lee_Konitz,medium,Kary's Trance
1974.0,https://en.wikipedia.org/wiki/The_Moontrane,medium,Katrina Ballerina
1898.0,https://en.wikipedia.org/wiki/Vincent_Youmans,medium,Keepin' Myself For You
,https://en.wikipedia.org/wiki/Icing_the_kicker,low,"Kicker, The"
1973.0,https://en.wikipedia.org/wiki/Jazz_Number_II,medium,Kids Are Pretty People
2012.0,https://en.wikipedia.org/wiki/Ko_Ko,medium,Ko Ko
2010.0,https://en.wikipedia.org/wiki/L.O.V.E._(sculpture),medium,L.O.V.E.
2024.0,https://en.wikipedia.org/wiki/Se_Acab%C3%B3_La_Fiesta,medium,La Fiesta
1945.0,https://en.wikipedia.org/wiki/La_Vie_en_rose,medium,La Vie En Rose
1939.0,https://en.wikipedia.org/wiki/Mercedes_Ellington,medium,Ladies In Mercedes
1912.0,https://en.wikipedia.org/wiki/Lady_Bird_Johnson,medium,Lady Bird
1955.0,https://en.wikipedia.org/wiki/Lady_and_the_Tramp,medium,"Lady is a Tramp, The"
1972.0,https://en.wikipedia.org/wiki/Lady_Sings_the_Blues_(film),medium,Lady Sings The Blues
1939.0,https://en.wikipedia.org/wiki/The_Lady%27s_in_Love_with_You,medium,"Lady's In Love With You, The"
,https://en.wikipedia.org/wiki/Lake,low,Lakes
,https://en.wikipedia.org/wiki/Lament,low,Lament
,https://en.wikipedia.org/wiki/Sodium-vapor_lamp,low,"Lamp Is Low, The"
1935.0,https://en.wikipedia.org/wiki/Last_Night_When_We_Were_Young,medium,Last Night When We Were Young
1954.0,https://en.wikipedia.org/wiki/The_Last_Time_I_Saw_Paris,medium,"Last Time I Saw Paris, The"
2009.0,https://en.wikipedia.org/wiki/Last_Train_Home_(film),medium,Last Train Home
1880.0,https://en.wikipedia.org/wiki/Laura_(given_name),medium,Laura
,"https://en.wikipedia.org/wiki/Laurie,_Cantal",low,Laurie
,https://en.wikipedia.org/wiki/Golden_apple,low,Lazy Afternoon
1958.0,https://en.wikipedia.org/wiki/Lazy_Bird,medium,Lazy Bird
,https://en.wikipedia.org/wiki/Lazy_river,low,Lazy River
,,none,Lazybones
1984.0,https://en.wikipedia.org/wiki/Leaving_(TV_series),medium,Leaving
,https://en.wikipedia.org/wiki/Leila_(name),low,Leila
1931.0,https://en.wikipedia.org/wiki/Lennie_Peters,medium,Lennie-Bird
1990.0,https://en.wikipedia.org/wiki/First_Song,medium,Lennie's Pennies
2005.0,https://en.wikipedia.org/wiki/Let_There_Be_Love_(Oasis_song),medium,Let There Be Love
2021.0,https://en.wikipedia.org/wiki/Venom:_Let_There_Be_Carnage,medium,Let There Be You
1937.0,https://en.wikipedia.org/wiki/Let%27s_Call_the_Whole_Thing_Off,high,Let's Call The Whole Thing Off
1937.0,https://en.wikipedia.org/wiki/Let%27s_Call_the_Whole_Thing_Off,high,Let's Call This
1958.0,https://en.wikipedia.org/wiki/In_Orbit_(Clark_Terry_album),medium,Let's Cool One
1928.0,"https://en.wikipedia.org/wiki/Let%27s_Do_It,_Let%27s_Fall_in_Love",high,Let's Do It (Let's Fall In Love)
1936.0,https://en.wikipedia.org/wiki/Let%27s_Face_the_Music_and_Dance,high,Let's Face The Music And Dance
1928.0,"https://en.wikipedia.org/wiki/Let%27s_Do_It,_Let%27s_Fall_in_Love",high,Let's Fall In Love
1941.0,https://en.wikipedia.org/wiki/Let%27s_Get_Away_from_It_All,high,Let's Get Away From It All
1988.0,https://en.wikipedia.org/wiki/Let%27s_Get_Lost_(1988_film),medium,Let's Get Lost
1925.0,https://en.wikipedia.org/wiki/Elaine_Stritch,medium,Li'l Darling
1915.0,https://en.wikipedia.org/wiki/Light_blue,medium,Light Blue
,https://en.wikipedia.org/wiki/Ligia,low,Ligia
2005.0,https://en.wikipedia.org/wiki/Like_a_Lover,medium,Like A Lover
1944.0,https://en.wikipedia.org/wiki/Like_Someone_in_Love,medium,Like Someone In Love
1926.0,https://en.wikipedia.org/wiki/John_Coltrane_discography,medium,Like Sonny
,https://en.wikipedia.org/wiki/Lily_of_the_valley,low,Lily of The Valley
,https://en.wikipedia.org/wiki/Limbo,low,Limbo
1921.0,https://en.wikipedia.org/wiki/Limehouse_Blues_(song),medium,Limehouse Blues
1983.0,https://en.wikipedia.org/wiki/Line_for_Lyons,medium,Line For Lyons
1923.0,https://en.wikipedia.org/wiki/Linger_Awhile,medium,Linger Awhile
,https://en.wikipedia.org/wiki/Midsummer,low,Litha
1942.0,https://en.wikipedia.org/wiki/Little_Gidding_(poem),medium,Little B's Poem
1967.0,https://en.wikipedia.org/wiki/The_Sorcerer_(album),medium,Little Boat (O Barquinho)
1874.0,https://en.wikipedia.org/wiki/Chicago_Fire_of_1874,medium,Little Chicago Fire
1935.0,https://en.wikipedia.org/wiki/Little_Girl_Blue_(song),high,Little Girl Blue
1958.0,https://en.wikipedia.org/wiki/Little_Niles,medium,Little Niles
1977.0,https://en.wikipedia.org/wiki/Peace_on_Earth/Little_Drummer_Boy,medium,Little Peace In C For You
,https://en.wikipedia.org/wiki/List_of_compositions_by_Thelonious_Monk,low,Little Rootie Tootie
,https://en.wikipedia.org/wiki/Helianthella,low,Little Sunflower
1847.0,https://en.wikipedia.org/wiki/Minute_Waltz,medium,Little Waltz
1990.0,https://en.wikipedia.org/wiki/First_Miles,medium,Little Willie Leaps
,https://en.wikipedia.org/wiki/Liza_(name),low,Liza
,https://en.wikipedia.org/wiki/Motion,low,Locomotion
1862.0,https://en.wikipedia.org/wiki/Battle_of_Lone_Jack,medium,Lone Jack (Page 1)
1933.0,https://en.wikipedia.org/wiki/Lone_Ranger,medium,Lone Jack (Page 2 - Solos)
2004.0,https://en.wikipedia.org/wiki/Boulevard_of_Broken_Dreams_(Green_Day_song),medium,Lonely Dreams
1927.0,https://en.wikipedia.org/wiki/The_Lonesome_Road,medium,"Lonesome Road, The"
1989.0,https://en.wikipedia.org/wiki/Long_Ago_and_Far_Away_(TV_series),medium,Long Ago And Far Away
1964.0,https://en.wikipedia.org/wiki/Crescent_(John_Coltrane_album),medium,Lonnie's Lament
1919.0,https://en.wikipedia.org/wiki/Look_for_the_Silver_Lining,high,Look For The Silver Lining
1967.0,https://en.wikipedia.org/wiki/The_Look_of_Love_(1967_song),medium,"Look Of Love, The"
1966.0,https://en.wikipedia.org/wiki/Look_to_the_Rainbow_(Astrud_Gilberto_album),medium,Look To The Rainbow
2012.0,https://en.wikipedia.org/wiki/Look_to_the_Sky,medium,Look To The Sky
2021.0,https://en.wikipedia.org/wiki/Don%27t_Look_Up,medium,Looking Up
2009.0,https://en.wikipedia.org/wiki/In_the_Loop,medium,"Loop, The"
1951.0,https://en.wikipedia.org/wiki/Love_for_Sale_(1951_film),medium,Love For Sale
1934.0,https://en.wikipedia.org/wiki/Love_Is_Just_Around_the_Corner,medium,Love Is Just Around The Corner
1932.0,https://en.wikipedia.org/wiki/Love_Is_the_Sweetest_Thing,high,Love Is The Sweetest Thing
1955.0,https://en.wikipedia.org/wiki/Love_Me_or_Leave_Me_(film),medium,Love Me Or Leave Me
1951.0,https://en.wikipedia.org/wiki/Love_Nest,medium,"Love Nest, The"
1966.0,https://en.wikipedia.org/wiki/Good_Vibrations,medium,Love Vibrations
1997.0,https://en.wikipedia.org/wiki/Love_Walked_In_(film),medium,Love Walked In
,https://en.wikipedia.org/wiki/Sexual_partner,low,Lover
1941.0,"https://en.wikipedia.org/wiki/Lover_Man_(Oh,_Where_Can_You_Be%3F)",medium,Lover Man
1928.0,"https://en.wikipedia.org/wiki/Lover,_Come_Back_to_Me",medium,"Lover, Come Back To Me"
1935.0,https://en.wikipedia.org/wiki/Lucky_Stores,medium,Lucky Southern
1954.0,https://en.wikipedia.org/wiki/Stephanie_Nakasian,medium,Lullaby In Rhythm
1952.0,https://en.wikipedia.org/wiki/Lullaby_of_Birdland,high,Lullaby Of Birdland
1932.0,https://en.wikipedia.org/wiki/Lullaby_of_the_Leaves,medium,Lullaby Of The Leaves
1935.0,https://en.wikipedia.org/wiki/Lulu%27s_Back_in_Town,medium,Lulu's Back In Town
2008.0,https://en.wikipedia.org/wiki/Lush_Life_(novel),medium,Lush Life
1963.0,https://en.wikipedia.org/wiki/Kenny_Burrell_%26_John_Coltrane,medium,Lyresto
1990.0,https://en.wikipedia.org/wiki/The_Widow_in_the_Window,medium,Ma Belle Hlne
1928.0,https://en.wikipedia.org/wiki/Mack_the_Knife,high,Mack The Knife
,https://en.wikipedia.org/wiki/Mahjong,low,Mahjong
1965.0,https://en.wikipedia.org/wiki/Maiden_Voyage_(Herbie_Hancock_album),medium,Maiden Voyage
2007.0,https://en.wikipedia.org/wiki/Make_Someone_Happy_(Sophie_Milman_album),medium,Make Someone Happy
1928.0,https://en.wikipedia.org/wiki/Makin%27_Whoopee,high,Making Whoopee
1911.0,https://en.wikipedia.org/wiki/Mario_Bauz%C3%A1,medium,Mambo Inn
2009.0,"https://en.wikipedia.org/wiki/I_Love_You,_Man",medium,"Man I Love, The"
1954.0,https://en.wikipedia.org/wiki/The_Man_That_Got_Away,medium,"Man That Got Away, The"
1959.0,https://en.wikipedia.org/wiki/Black_Orpheus,medium,Manha De Carnaval (Black Orpheus)
1898.0,https://en.wikipedia.org/wiki/Manhattan,medium,Manhattan
,https://en.wikipedia.org/wiki/List_of_compositions_by_Django_Reinhardt,low,Manoir De Mes Rves (Django's Castle)
,https://en.wikipedia.org/wiki/Lord,low,Manteca
1962.0,https://en.wikipedia.org/wiki/Mas_que_nada,medium,Mas Que Nada
1991.0,https://en.wikipedia.org/wiki/Vampire:_The_Masquerade,medium,"Masquerade Is Over, The"
,https://en.wikipedia.org/wiki/Beggar%27s_Holiday,low,Maybe I Should Change My Ways
1994.0,https://en.wikipedia.org/wiki/Definitely_Maybe,medium,Maybe September
,https://en.wikipedia.org/wiki/Maze,low,"Maze, The"
2021.0,https://en.wikipedia.org/wiki/Jolt_(film),medium,Mc Jolt
1929.0,https://en.wikipedia.org/wiki/Mean_to_Me_(1929_song),medium,Mean To Me
1957.0,https://en.wikipedia.org/wiki/The_Meaning_of_the_Blues,medium,"Meaning Of The Blues, The"
,https://en.wikipedia.org/wiki/Meditation,low,Meditation
2006.0,https://en.wikipedia.org/wiki/Memories_of_Tomorrow,medium,Memories Of Tomorrow
1930.0,https://en.wikipedia.org/wiki/Memories_of_You,high,Memories Of You
1966.0,"https://en.wikipedia.org/wiki/Mercy,_Mercy,_Mercy",medium,Mercy Mercy Mercy
1915.0,https://en.wikipedia.org/wiki/Midnight_blue,medium,Midnight Blue
1967.0,https://en.wikipedia.org/wiki/Midnight_Mood,medium,Midnight Mood
,https://en.wikipedia.org/wiki/Midnight_sun,low,Midnight Sun
2025.0,https://en.wikipedia.org/wiki/Milan,medium,Milano
1957.0,https://en.wikipedia.org/wiki/Miles_Ahead_(album),medium,Miles Ahead
2014.0,https://en.wikipedia.org/wiki/Milestones_(British_band),medium,Milestones (New)
,https://en.wikipedia.org/wiki/Milestone,low,Milestones (Old)
,https://en.wikipedia.org/wiki/Mimi_(given_name),low,Mimi
,https://en.wikipedia.org/wiki/Mimosa,low,Mimosa
1978.0,https://en.wikipedia.org/wiki/Moods_(Mal_Waldron_album),medium,Minoat
1961.0,https://en.wikipedia.org/wiki/Minor_Mishap,medium,Minor Mishap
,https://en.wikipedia.org/wiki/B_minor,low,Minor Mood
1971.0,https://en.wikipedia.org/wiki/The_Andromeda_Strain_(film),medium,Minor Strain
,https://en.wikipedia.org/wiki/Minority_government,low,Minority
2012.0,https://en.wikipedia.org/wiki/Mirror_Mirror_(film),medium,"Mirror, Mirror"
,,none,Misterioso
1954.0,https://en.wikipedia.org/wiki/Misty_(song),medium,Misty
2020.0,"https://en.wikipedia.org/wiki/Miyako,_Iwate",medium,Miyako
1958.0,https://en.wikipedia.org/wiki/Moment%27s_Notice,medium,Moment's Notice
1955.0,https://en.wikipedia.org/wiki/Moments_to_Remember,medium,Moments To Remember
,https://en.wikipedia.org/wiki/Mona_Lisa,low,Mona Lisa
1963.0,https://en.wikipedia.org/wiki/Monk%27s_Dream_(Thelonious_Monk_album),medium,Monk's Dream
,https://en.wikipedia.org/wiki/List_of_compositions_by_Thelonious_Monk,low,Monk's Mood
1930.0,https://en.wikipedia.org/wiki/Mood_Indigo,high,Mood Indigo
1979.0,https://en.wikipedia.org/wiki/Moon_and_Sand,medium,Moon And Sand
2020.0,https://en.wikipedia.org/wiki/Moon_mist,medium,Moon Mist
1984.0,https://en.wikipedia.org/wiki/Moon_Ray,medium,Moon Rays
1961.0,https://en.wikipedia.org/wiki/Moon_River,medium,Moon River
1974.0,https://en.wikipedia.org/wiki/Moonchild_(1974_film),medium,Moonchild
1970.0,https://en.wikipedia.org/wiki/Moondance,medium,Moondance
2019.0,https://en.wikipedia.org/wiki/Moonglow_(Avantasia_album),medium,Moonglow
1942.0,https://en.wikipedia.org/wiki/Moonlight_Becomes_You_(song),high,Moonlight Becomes You
1943.0,https://en.wikipedia.org/wiki/Moonlight_in_Vermont_(film),medium,Moonlight In Vermont
1931.0,https://en.wikipedia.org/wiki/1931_in_music,medium,Moonlight Saving Time
1939.0,https://en.wikipedia.org/wiki/Moonlight_Serenade,high,Moonlight Serenade
1974.0,https://en.wikipedia.org/wiki/The_Moontrane,medium,"Moontrane, The"
1946.0,https://en.wikipedia.org/wiki/Moose_the_Mooche,medium,Moose The Mooche
1945.0,https://en.wikipedia.org/wiki/The_More_I_See_You,high,"More I See You, The"
2017.0,https://en.wikipedia.org/wiki/More_Than_You_Know_(Axwell_%26_Ingrosso_song),medium,More Than You Know
,https://en.wikipedia.org/wiki/Henry_Morgan,low,Morgan The Pirate
,https://en.wikipedia.org/wiki/Morning,low,Morning
1994.0,https://en.wikipedia.org/wiki/The_Most_Beautiful_Girl_in_the_World_(Prince_song),medium,"Most Beautiful Girl In The World, The"
1926.0,https://en.wikipedia.org/wiki/Mountain_Greenery,high,Mountain Greenery
1993.0,https://en.wikipedia.org/wiki/Move_(company),medium,Move
1959.0,https://en.wikipedia.org/wiki/Mr._P.C.,medium,Mr. P.C.
1930.0,https://en.wikipedia.org/wiki/My_Baby_Just_Cares_for_Me,high,My Baby Just Cares For Me
,,none,My Buddy
1959.0,https://en.wikipedia.org/wiki/My_Favorite_Things_(song),high,My Favorite Things
1949.0,https://en.wikipedia.org/wiki/My_Foolish_Heart_(1949_film),medium,My Foolish Heart
1937.0,https://en.wikipedia.org/wiki/My_Funny_Valentine,high,My Funny Valentine
1938.0,https://en.wikipedia.org/wiki/My_Heart_Belongs_to_Daddy,medium,My Heart Belongs To Daddy
1927.0,https://en.wikipedia.org/wiki/My_Heart_Stood_Still,high,My Heart Stood Still
2024.0,https://en.wikipedia.org/wiki/My_Ideal,medium,My Ideal
1936.0,https://en.wikipedia.org/wiki/This_Is_My_Last_Affair,medium,My Last Affair
1915.0,https://en.wikipedia.org/wiki/Billy_Strayhorn,medium,My Little Brown Book
1955.0,https://en.wikipedia.org/wiki/Blue_Suede_Shoes,medium,My Little Suede Shoes
2007.0,https://en.wikipedia.org/wiki/My_Lucky_Star_(TV_series),medium,My Lucky Star
1935.0,https://en.wikipedia.org/wiki/My_Man%27s_Gone_Now,medium,My Man's Gone Now
1912.0,https://en.wikipedia.org/wiki/My_Melancholy_Baby,high,My Melancholy Baby
1934.0,https://en.wikipedia.org/wiki/My_Old_Flame,medium,My Old Flame
1952.0,https://en.wikipedia.org/wiki/My_One_and_Only_Love,high,My One And Only Love
2001.0,https://en.wikipedia.org/wiki/My_Chemical_Romance,medium,My Romance
2017.0,https://en.wikipedia.org/wiki/The_Secret_of_My_Love,medium,My Secret Love
1943.0,https://en.wikipedia.org/wiki/My_Shining_Hour,medium,My Shining Hour
1941.0,https://en.wikipedia.org/wiki/My_Ship,medium,My Ship
1977.0,https://en.wikipedia.org/wiki/My_Song_(Keith_Jarrett_album),medium,My Song
1969.0,https://en.wikipedia.org/wiki/My_Way,medium,My Way
1990.0,https://en.wikipedia.org/wiki/National_Academic_Advising_Association,medium,Nacada
1959.0,https://en.wikipedia.org/wiki/Naima,medium,Naima
1942.0,https://en.wikipedia.org/wiki/Nancy_(with_the_Laughing_Face),high,Nancy (With The Laughing Face)
1958.0,https://en.wikipedia.org/wiki/Nardis_(composition),medium,Nardis
2004.0,https://en.wikipedia.org/wiki/Nascimento_(surname),medium,Nascimento
1948.0,https://en.wikipedia.org/wiki/Nature_Boy,medium,Nature Boy
1940.0,https://en.wikipedia.org/wiki/The_Nearness_of_You,high,"Nearness Of You, The"
,https://en.wikipedia.org/wiki/Nefertiti,low,Nefertiti
2010.0,https://en.wikipedia.org/wiki/Never_Let_Me_Go_(2010_film),medium,Never Let Me Go
1960.0,https://en.wikipedia.org/wiki/Greenwillow,medium,Never Will I Marry
,,none,Nevertheless
1985.0,https://en.wikipedia.org/wiki/New_Picture,medium,New Picture
2024.0,https://en.wikipedia.org/wiki/New_York_City,medium,"New York, New York"
1954.0,https://en.wikipedia.org/wiki/Nica%27s_Dream,medium,Nica's Dream
1960.0,https://en.wikipedia.org/wiki/Nice_%27n%27_Easy,medium,Nice 'n Easy
2012.0,https://en.wikipedia.org/wiki/Nice_Work_If_You_Can_Get_It_(musical),medium,Nice Work If You Can Get It
1964.0,https://en.wikipedia.org/wiki/Nicolette_(musician),medium,Nicolette
1946.0,https://en.wikipedia.org/wiki/Night_and_Day_(1946_film),medium,Night And Day
1964.0,https://en.wikipedia.org/wiki/Night_Dreamer,medium,Night Dreamer
1948.0,https://en.wikipedia.org/wiki/Night_Has_a_Thousand_Eyes,medium,"Night Has A Thousand Eyes, The"
2003.0,https://en.wikipedia.org/wiki/The_Night_We_Called_It_a_Day_(film),medium,"Night We Called It A Day, The"
1922.0,https://en.wikipedia.org/wiki/The_Three_Stooges,medium,No Moe
1947.0,https://en.wikipedia.org/wiki/No_Moon_at_All,medium,No Moon At All
,https://en.wikipedia.org/wiki/Rope_splicing,low,No Splice
1946.0,https://en.wikipedia.org/wiki/Nobody_Else_but_Me,medium,Nobody Else But Me
1923.0,https://en.wikipedia.org/wiki/Nobody_Knows_You_When_You%27re_Down_and_Out,medium,Nobody Knows You When You're Down And Out
1985.0,https://en.wikipedia.org/wiki/Nostalgia_in_Times_Square,medium,Nostalgia In Times Square
1980.0,https://en.wikipedia.org/wiki/Nothing_Personal_(1980_film),medium,Nothing Personal
1945.0,https://en.wikipedia.org/wiki/Now%27s_the_Time_(composition),medium,Now's The Time
1940.0,https://en.wikipedia.org/wiki/Nuages,medium,Nuages
2009.0,https://en.wikipedia.org/wiki/Nutty_Putty_Cave,medium,Nutty
1958.0,https://en.wikipedia.org/wiki/Minor_Move,medium,Nutville
1964.0,https://en.wikipedia.org/wiki/Getz/Gilberto,medium,O Grande Amor
1968.0,https://en.wikipedia.org/wiki/The_Odd_Couple_(film),medium,"Odd Couple, The"
1999.0,https://en.wikipedia.org/wiki/Off_Minor_(band),medium,Off Minor
1924.0,"https://en.wikipedia.org/wiki/Oh,_Lady_Be_Good!",medium,"Oh, Lady Be Good"
1943.0,"https://en.wikipedia.org/wiki/Oh,_What_a_Beautiful_Mornin%27",high,"Oh, What A Beautiful Mornin'"
1962.0,https://en.wikipedia.org/wiki/Oh!_Look_at_Me_Now_(album),medium,Oh! Look At Me Now
1925.0,https://en.wikipedia.org/wiki/Ol%27_Man_River,high,Ol' Man River
1957.0,https://en.wikipedia.org/wiki/Old_Cape_Cod,medium,Old Cape Cod
2025.0,https://en.wikipedia.org/wiki/Mafia:_The_Old_Country,medium,"Old Country, The"
1947.0,https://en.wikipedia.org/wiki/Old_Devil_Moon,medium,Old Devil Moon
1851.0,https://en.wikipedia.org/wiki/Old_Folks_at_Home,high,Old Folks
1936.0,https://en.wikipedia.org/wiki/Margarita,medium,Oleo
1964.0,https://en.wikipedia.org/wiki/Empyrean_Isles,medium,Oliloqui Valley
2005.0,https://en.wikipedia.org/wiki/On_a_Clear_Day_(film),medium,On A Clear Day
1989.0,https://en.wikipedia.org/wiki/On_a_Misty_Night,medium,On A Misty Night
1948.0,https://en.wikipedia.org/wiki/(I%27d_Like_to_Get_You_on_a)_Slow_Boat_to_China,high,On A Slow Boat To China
2006.0,https://en.wikipedia.org/wiki/On_Broadway_(film),medium,On Broadway
1947.0,https://en.wikipedia.org/wiki/On_Green_Dolphin_Street_(song),high,On Green Dolphin Street
1956.0,https://en.wikipedia.org/wiki/On_the_Street_Where_You_Live,high,On The Street Where You Live
1930.0,https://en.wikipedia.org/wiki/On_the_Sunny_Side_of_the_Street,medium,On The Sunny Side Of The Street
1964.0,https://en.wikipedia.org/wiki/On_the_Trail,medium,On The Trail
1960.0,https://en.wikipedia.org/wiki/Once_I_Loved,medium,Once I Loved
1937.0,https://en.wikipedia.org/wiki/Once_in_a_While_(1937_song),medium,Once In A While
,https://en.wikipedia.org/wiki/Once_Upon_a_Summertime,low,Once Upon A Summertime (La Valse Des Lilas)
2014.0,https://en.wikipedia.org/wiki/One_on_One_(2014_film),medium,One By One
2021.0,https://en.wikipedia.org/wiki/Finger_snapping,medium,One Finger Snap
1960.0,https://en.wikipedia.org/wiki/One_Foot_in_the_Gutter,medium,One Foot In The Gutter
1943.0,https://en.wikipedia.org/wiki/One_for_My_Baby_(and_One_More_for_the_Road),high,One For My Baby
1924.0,https://en.wikipedia.org/wiki/The_One_I_Love_(Belongs_to_Somebody_Else),high,"One I Love (Belongs To Somebody Else), The"
,https://en.wikipedia.org/wiki/One_Morning_in_May_(folk_song),low,One Morning In May
1960.0,https://en.wikipedia.org/wiki/One_Note_Samba,medium,One Note Samba
1905.0,https://en.wikipedia.org/wiki/Nicholas_Brodszky,medium,Only Trust Your Heart
,https://en.wikipedia.org/wiki/Tensung_Namgyal,low,Onmo
,,none,"Opener, The"
1961.0,https://en.wikipedia.org/wiki/Opus_De_Funk_(album),medium,Opus De Funk
1950.0,https://en.wikipedia.org/wiki/Orange_Colored_Sky,high,Orange Colored Sky
,https://en.wikipedia.org/wiki/Ornithology,low,Ornithology
1946.0,https://en.wikipedia.org/wiki/Our_Delight,medium,Our Delight
1938.0,https://en.wikipedia.org/wiki/Love_Is_Here_to_Stay,high,Our Love is Here to Stay
,,none,Out Of Nowhere
1945.0,https://en.wikipedia.org/wiki/Out_of_This_World_(1945_film),medium,Out Of This World
1939.0,https://en.wikipedia.org/wiki/Over_the_Rainbow,high,Over The Rainbow (Somewhere)
2007.0,https://en.wikipedia.org/wiki/P.S._I_Love_You_(film),medium,P.S. I Love You
1894.0,"https://en.wikipedia.org/wiki/Palo_Alto,_California",medium,Palo Alto
1913.0,https://en.wikipedia.org/wiki/Pannonica_de_Koenigswarter,medium,Pannonica
,https://en.wikipedia.org/wiki/Paper_doll,low,Paper Doll
1951.0,https://en.wikipedia.org/wiki/Parisian_Thoroughfare,high,Parisian Thoroughfare
1948.0,https://en.wikipedia.org/wiki/Parker%27s_Mood,medium,Parker's Mood
1992.0,https://en.wikipedia.org/wiki/When_the_Party%27s_Over,medium,"Party's Over, The"
1978.0,https://en.wikipedia.org/wiki/Passion_Dance,medium,Passion Dance
,https://en.wikipedia.org/wiki/Passiflora,low,Passion Flower
1920.0,https://en.wikipedia.org/wiki/Passport,medium,Passport
,https://en.wikipedia.org/wiki/Peace,low,Peace
1975.0,https://en.wikipedia.org/wiki/The_Peacocks_(album),medium,"Peacocks, The"
1981.0,https://en.wikipedia.org/wiki/Pee-wee_Herman,medium,Pee Wee
1933.0,https://en.wikipedia.org/wiki/Dave_Frishberg,medium,Peel Me A Grape
1970.0,https://en.wikipedia.org/wiki/Charles_Mingus_in_Paris:_The_Complete_America_Session,medium,Peggy's Blue Skylight
1981.0,https://en.wikipedia.org/wiki/Pennies_from_Heaven_(1981_film),medium,Pennies From Heaven
1962.0,https://en.wikipedia.org/wiki/Pensativa,medium,Pensativa
1956.0,https://en.wikipedia.org/wiki/Sonny_Rollins_Plus_4,medium,Pent Up House
1955.0,https://en.wikipedia.org/wiki/Penthouse_Serenade,medium,Penthouse Serenade
1985.0,https://en.wikipedia.org/wiki/Green_Party_(UK),medium,People
1943.0,https://en.wikipedia.org/wiki/People_Will_Say_We%27re_in_Love,high,People Will Say We're In Love
,https://en.wikipedia.org/wiki/Perdido_Bay,low,Perdido
,,none,Perhaps
1947.0,"https://en.wikipedia.org/wiki/Quiz%C3%A1s,_Quiz%C3%A1s,_Quiz%C3%A1s",high,"Perhaps, Perhaps, Perhaps"
1960.0,https://en.wikipedia.org/wiki/Portrait_in_Jazz,medium,Peri's Scope
,https://en.wikipedia.org/wiki/Fleur-de-lis,low,Petit Fleur
1993.0,"https://en.wikipedia.org/wiki/So_Near,_So_Far_(Musings_for_Miles)",medium,Pfrancing (No Blues)
1978.0,https://en.wikipedia.org/wiki/Pat_Metheny_Group_(album),medium,Phase Dance
1936.0,https://en.wikipedia.org/wiki/Pick_Yourself_Up,high,Pick Yourself Up
2006.0,https://en.wikipedia.org/wiki/Comet_Ping_Pong,medium,Ping Pong
1963.0,https://en.wikipedia.org/wiki/The_Pink_Panther,medium,"Pink Panther, The"
1883.0,https://en.wikipedia.org/wiki/Pinocchio,medium,Pinocchio
2024.0,https://en.wikipedia.org/wiki/Blink_Twice,medium,Played Twice
1932.0,https://en.wikipedia.org/wiki/Delonix_regia,medium,Poinciana
2016.0,https://en.wikipedia.org/wiki/Polkadot_(blockchain_platform),medium,Polkadots And Moonbeams
1916.0,https://en.wikipedia.org/wiki/Poor_Butterfly,high,Poor Butterfly
1976.0,https://en.wikipedia.org/wiki/Popsicle_Toes,medium,Popsicle Toes
1948.0,https://en.wikipedia.org/wiki/Portrait_of_Jennie,medium,Portrait Of Jennie
,https://en.wikipedia.org/wiki/Preacher,low,"Preacher, The"
1992.0,https://en.wikipedia.org/wiki/Prelude_to_a_Kiss_(film),medium,Prelude To A Kiss
2015.0,https://en.wikipedia.org/wiki/Pretend_(album),medium,Pretend
1987.0,https://en.wikipedia.org/wiki/Prince_of_Darkness_(film),medium,Prince Of Darkness
1978.0,https://en.wikipedia.org/wiki/PRISM,medium,Prism
,https://en.wikipedia.org/wiki/Arithmetic_progression,low,Progression
,https://en.wikipedia.org/wiki/Punjab,low,Punjab
1971.0,https://en.wikipedia.org/wiki/Pure_Imagination,medium,Pure Imagination
1960.0,https://en.wikipedia.org/wiki/Put_On_a_Happy_Face_(song),medium,Put On A Happy Face
1927.0,https://en.wikipedia.org/wiki/Puttin%27_On_the_Ritz,medium,Puttin' On The Ritz
1831.0,https://en.wikipedia.org/wiki/Quasimodo,medium,Quasimodo
2024.0,https://en.wikipedia.org/wiki/Questar_Corporation_(gas_company),medium,Questar
,https://en.wikipedia.org/wiki/Question_answering,low,Question And Answer
1969.0,https://en.wikipedia.org/wiki/Quiet_Now,medium,Quiet Now
1886.0,https://en.wikipedia.org/wiki/Radio,medium,Radio
1979.0,https://en.wikipedia.org/wiki/Rainbow_Connection,medium,"Rainbow Connection, The"
1870.0,https://en.wikipedia.org/wiki/Rain_check_(baseball),medium,Raincheck
1974.0,https://en.wikipedia.org/wiki/Re:_Person_I_Knew,medium,Re: Person I Knew
1914.0,https://en.wikipedia.org/wiki/Latin_jazz,medium,Recado Bossa Nova
1997.0,https://en.wikipedia.org/wiki/Big_Band_(Joe_Henderson_album),medium,Recordame
2022.0,https://en.wikipedia.org/wiki/The_Red_Clay_Strays,medium,Red Clay
,"https://en.wikipedia.org/wiki/Red_Top,_Missouri",low,Red Top
,https://en.wikipedia.org/wiki/Fran%C3%A7ois_de_La_Rochefoucauld_(writer),low,Reflections
1960.0,https://en.wikipedia.org/wiki/Reincarnation_of_a_Lovebird,medium,Reincarnation Of A Lovebird
1946.0,https://en.wikipedia.org/wiki/Relaxin%27_at_Camarillo,medium,Relaxin' At Camarillo
1926.0,https://en.wikipedia.org/wiki/Remember_(1926_film),medium,Remember
1932.0,https://en.wikipedia.org/wiki/Rhythm_changes,medium,Rhythm-a-ning
1968.0,https://en.wikipedia.org/wiki/Road_Song,medium,Road Song
1968.0,https://en.wikipedia.org/wiki/Girl_Talk_(Oscar_Peterson_album),medium,Robbin's Nest
1929.0,https://en.wikipedia.org/wiki/Rockin%27_Chair_(1929_song),medium,Rockin' Chair
2016.0,https://en.wikipedia.org/wiki/Your_Name,medium,Room 608
1917.0,https://en.wikipedia.org/wiki/Rose_Room,medium,Rose Room
1985.0,https://en.wikipedia.org/wiki/Laganbank_(District_Electoral_Area),medium,Rosetta
1944.0,https://en.wikipedia.org/wiki/%27Round_Midnight_(song),high,Round Midnight
1926.0,https://en.wikipedia.org/wiki/U.S._Route_66,medium,Route 66
,,none,"Ruby, My Dear"
1977.0,https://en.wikipedia.org/wiki/The_S.O.S._Band,medium,S.O.S.
1927.0,https://en.wikipedia.org/wiki/%27S_Wonderful,high,S' Wonderful
1960.0,https://en.wikipedia.org/wiki/Soul_Time,medium,S'posin'
1972.0,https://en.wikipedia.org/wiki/The_Saga_of_Harrison_Crabfeathers,medium,"Saga Of Harrison Crabfeathers, The"
1977.0,https://en.wikipedia.org/wiki/Come_Sail_Away,medium,Sail Away
1941.0,https://en.wikipedia.org/wiki/Salt_Peanuts,medium,Salt Peanuts
1959.0,https://en.wikipedia.org/wiki/Black_Orpheus,medium,Samba De Orfeu
1929.0,https://en.wikipedia.org/wiki/Spinsters_of_San_Francisco,medium,San Francisco Holiday
1972.0,https://en.wikipedia.org/wiki/Maia_Sandu,medium,Sandu
,https://en.wikipedia.org/wiki/Satellite,low,Satellite
1953.0,https://en.wikipedia.org/wiki/Satin_Doll,high,Satin Doll
1986.0,https://en.wikipedia.org/wiki/Save_Your_Love_for_Me,medium,Save Your Love For Me
1992.0,https://en.wikipedia.org/wiki/Over_and_Over_Again_(Robby_Valentine_song),medium,Say It (Over And Over Again)
2006.0,https://en.wikipedia.org/wiki/Metheny/Mehldau,medium,Say the Brother's Name
,https://en.wikipedia.org/wiki/Scene_(performing_arts),low,Scene
,https://en.wikipedia.org/wiki/Scotch_and_soda,low,Scotch And Soda
1947.0,https://en.wikipedia.org/wiki/Scrapple_from_the_Apple,medium,Scrapple From The Apple
1989.0,https://en.wikipedia.org/wiki/The_Little_Mermaid:_Ariel%27s_Undersea_Adventure,medium,Sea Journey
2017.0,https://en.wikipedia.org/wiki/In_Search_of_Peace,medium,Search For Peace
2013.0,https://en.wikipedia.org/wiki/Second_Star_to_the_Right,medium,"Second Star To The Right, The"
1961.0,https://en.wikipedia.org/wiki/The_Second_Time_Around_(1961_film),medium,"Second Time Around, The"
1916.0,https://en.wikipedia.org/wiki/Secret_Love_(1916_film),medium,Secret Love
,https://en.wikipedia.org/wiki/Segmentation_(biology),low,Segment
1944.0,https://en.wikipedia.org/wiki/Sentimental_Journey_(song),medium,Sentimental Journey
1937.0,https://en.wikipedia.org/wiki/September_in_the_Rain,high,September In The Rain
1978.0,https://en.wikipedia.org/wiki/September_(song),medium,September Song
1968.0,https://en.wikipedia.org/wiki/This_Was,medium,Serenade To A Cuckoo
1968.0,https://en.wikipedia.org/wiki/Serenade_to_a_Soul_Sister,medium,Serenade To A Soul Sister
,,none,Serene
2002.0,https://en.wikipedia.org/wiki/Firefly_(TV_series),medium,Serenity
,,none,Serpent's Tooth
1974.0,"https://en.wikipedia.org/wiki/Seven,_Come_Eleven",medium,Seven Come Eleven
1963.0,https://en.wikipedia.org/wiki/Seven_Steps_to_Heaven,medium,Seven Steps To Heaven
1965.0,https://en.wikipedia.org/wiki/The_Shadow_of_Your_Smile,medium,"Shadow Of Your Smile, The"
,https://en.wikipedia.org/wiki/Bebop,low,Shaw 'Nuff
2014.0,https://en.wikipedia.org/wiki/She%27s_Funny_That_Way_(film),medium,She's Funny That Way
1996.0,https://en.wikipedia.org/wiki/Shine_(film),medium,Shine
1928.0,https://en.wikipedia.org/wiki/Frank_Foster_(jazz_musician),medium,Shiny Stockings
,,none,Shutterbug
1960.0,https://en.wikipedia.org/wiki/Metric_prefix,medium,Si Si
1956.0,https://en.wikipedia.org/wiki/AIM-9_Sidewinder,medium,Sidewinder
1963.0,https://en.wikipedia.org/wiki/Silver%27s_Serenade,medium,Silver's Serenade
,https://en.wikipedia.org/wiki/Simone_(given_name),low,Simone
1945.0,https://en.wikipedia.org/wiki/Since_I_Fell_for_You,medium,Since I Fell For You
1990.0,https://en.wikipedia.org/wiki/First_Miles,medium,Sippin' At Bells
,https://en.wikipedia.org/wiki/Ice_skating,low,Skating In Central Park
,https://en.wikipedia.org/wiki/Skippy_(nickname),low,Skippy
1961.0,https://en.wikipedia.org/wiki/Buick_Skylark,medium,Skylark
,https://en.wikipedia.org/wiki/Skyliner,low,Skyliner
,https://en.wikipedia.org/wiki/Disc_herniation,low,Slipped Disc
,https://en.wikipedia.org/wiki/Lujon,low,Slow Hot Wind
,https://en.wikipedia.org/wiki/Smile,low,Smile
1933.0,https://en.wikipedia.org/wiki/Smoke_Gets_in_Your_Eyes,medium,Smoke Gets In Your Eyes
,https://en.wikipedia.org/wiki/Smoke_ring,low,Smoke Rings
1992.0,https://en.wikipedia.org/wiki/Black_Eyed_Peas,medium,Sno' Peas
1962.0,https://en.wikipedia.org/wiki/S%C3%B3_Dan%C3%A7o_Samba_(song),medium,S Dano Samba
1948.0,https://en.wikipedia.org/wiki/So_in_Love,high,So In Love
,https://en.wikipedia.org/wiki/Star,low,So Many Stars
1964.0,https://en.wikipedia.org/wiki/Summer_Samba,medium,So Nice (Summer Samba)
,https://en.wikipedia.org/wiki/Tender_(rail),low,So Tender
1988.0,"https://en.wikipedia.org/wiki/So_Far,_So_Good..._So_What!",medium,So What
