Title,Composer,Rhythm,TimeSignature,Key,Year
9.20 Special,Earl Warren,Medium Swing,4/4,,1941
26-2,John Coltrane,Medium Up Swing,4/4,F,1947
52nd Street Theme,Thelonious Monk,Up Tempo Swing,4/4,,1947
500 Miles High,Chick Corea,Bossa Nova,4/4,Emin,1972
502 Blues,Jimmy Rowles,Waltz,3/4,Amin,1959
A Beautiful Friendship,Donald Kahn,Medium Swing,4/4,,1956
A Blossom Fell,Barnes-Cornelius,Ballad,4/4,Bb,1955
A Certain Smile,Fain-Webster,Medium Swing,4/4,F,1958
A Child Is Born,Roland Hanna,Waltz,3/4,Bb,1969
A Felicidade,Antonio-Carlos Jobim,Bossa Nova,4/4,Amin,1959
A Fine Romance,Jerome Kern,Medium Swing,4/4,,1935
A Flower Is A Lovesome Thing,Billy Strayhorn,Ballad,4/4,Db,1946
A Foggy Day,George Gershwin,Medium Swing,4/4,F,1937
A Ghost Of A Chance,Victor Young,Ballad,4/4,,1931
A Kiss To Build A Dream On,Kalmar-Ruby-Hammerstein,Medium Swing,4/4,,1931
A Little Tear,Deodato-Valle,Bossa Nova,4/4,Db,1960
A Lovely Way To Spend An Evening,Jimmy McHugh,Ballad,4/4,F,1927
A Night In Tunisia,Dizzy Gillespie,Latin,4/4,Dmin,1944
A Nightingale Sang In Berkeley Square,Manning Sherwin,Ballad,4/4,Eb,1940
A Pretty Girl Is Like A Melody,Irving Berlin,Medium Swing,4/4,G,1916
A Shade Of Jade,Joe Henderson,Up Tempo Swing,4/4,Cmin,1974
A Sleepin' Bee,Harold Arlen,Medium Swing,4/4,Ab,1958
A Smooth One,Benny Goodman,Medium Up Swing,4/4,F,1946
A Sound For Sore Ears,Jimmy Heath,Even 8ths,4/4,Eb,1959
A Sunday Kind Of Love,Belle-Prima-Leonard-Rhodes,Ballad,4/4,F,1946
A Taste Of Honey,Marlow-Scott,Waltz,3/4,Dmin,1961
A Time For Love,Johnny Mandel,Ballad,4/4,F,1966
A Tisket A Tasket,Traditional,Medium Swing,4/4,Eb,1938
A Weaver Of Dreams,Victor Young,Medium Swing,4/4,,1947
Ablution,Lennie Tristano,Medium Swing,4/4,Ab,1955
Ac-Cent-Tchu-Ate The Positive,Harold Arlen,Medium Swing,4/4,F,1945
Across The Alley From The Alamo,Joe Greene,Medium Swing,4/4,F,1947
Adam's Apple,Wayne Shorter,Even 8ths,4/4,Ab,1974
Affirmation,José Feliciano,Funk,4/4,Bmin,1977
African Flower,Duke Ellington,Latin,4/4,Ebmin,1965
"African Queen, The",Horace Silver,Medium Swing,4/4,Cmin,1967
Afro Blue,Mongo Santamaria,Waltz,3/4,Fmin,1959
Afro Centric,Joe Henderson,Up Tempo Swing,4/4,Db,1973
After You,Cole Porter,Ballad,4/4,,1959
After You've Gone,Henry Creamer,Up Tempo Swing,4/4,Bb,1941
Afternoon In Paris,John Lewis,Medium Swing,4/4,,1946
Again,Lionel Newman,Ballad,4/4,G,1941
Agua De Beber,Antonio-Carlos Jobim,Bossa Nova,4/4,Dmin,1960
Ahmid-6,Pat Metheny,Even 8ths,4/4,,1973
Ain't Misbehavin',Fats Waller,Medium Swing,4/4,,1927
Ain't She Sweet,Milton Ager,Medium Up Swing,4/4,Eb,1927
Airegin,Sonny Rollins,Up Tempo Swing,4/4,Fmin,1954
Airmail Special,Charlie Christian,Medium Up Swing,4/4,,1938
Aisha,McCoy Tyner,Ballad,4/4,Amin,1966
Alexander's Ragtime Band,Irving Berlin,Medium Swing,4/4,F,1911
Alfie,Burt Bacharach,Ballad,4/4,Bb,1965
Alfie's Theme,Sonny Rollins,Medium Swing,4/4,Bbmin,1966
Alice In Wonderland,Sammy Fain,Waltz,3/4,,1951
All About Ronnie,Joe Greene,Ballad,4/4,Bb,1953
All Alone,Irving Berlin,Waltz,3/4,F,1924
All At Once You Love Her,Rodgers-Hammerstein,Medium Swing,4/4,F,1955
All Blues,Miles Davis,Waltz,3/4,G,1959
All By Myself,Irving Berlin,Medium Swing,4/4,,1975
All God's Chillun Got Rhythm,Kahn-Kaper,Medium Up Swing,4/4,F,1937
All My Tomorrows,Jimmy Van-Heusen,Ballad,4/4,G,1959
All Of A Sudden My Heart Sings,Herpin-Jamblan-Rome,Ballad,4/4,,1941
All Of Me,Gerald Marks,Medium Swing,4/4,,1931
All Of You,Cole Porter,Medium Swing,4/4,Eb,1954
All Or Nothing At All,Arthur Altman,Medium Up Swing,4/4,Amin,1939
All The Things You Are,Jerome Kern,Medium Up Swing,4/4,Ab,1939
All The Way,Jimmy Van-Heusen,Ballad,4/4,Eb,1957
All Through The Day,Kern-Hammerstein,Medium Swing,4/4,F,1946
All Through The Night,Cole Porter,Medium Swing,4/4,F,1934
All Too Soon,Duke Ellington,Ballad,4/4,,1940
Almost Like Being In Love,Frederick Loewe,Medium Swing,4/4,Ab,1947
Alone Together,Arthur Schwartz,Medium Swing,4/4,Dmin,1932
Along Came Betty,Benny Golson,Medium Swing,4/4,Ab,1958
Always,Irving Berlin,Waltz,3/4,F,1925
Always And Forever,Pat Metheny,Ballad,4/4,Amin,1976
Am I Blue?,Harry Akst,Medium Swing,4/4,F,1929
Among My Souvenirs,Horatio Nicholls,Ballad,4/4,Eb,1927
Ana Maria,Wayne Shorter,Even 8ths,4/4,G,1975
And The Angels Sing,Ziggy Elman,Medium Swing,4/4,Eb,1939
Angel Eyes,Matt Dennis,Ballad,4/4,Cmin,1946
Anthropology,Charlie Parker,Up Tempo Swing,4/4,Bb,1946
Anything Goes,Cole Porter,Medium Swing,4/4,,1934
April,Lennie Tristano,Medium Up Swing,4/4,G,1969
April In Paris,Vernon Duke,Medium Swing,4/4,,1932
April Joy,Pat Metheny,Even 8ths,4/4,F,1978
Aren't You Glad You're You,Jimmy Van-Heusen,Medium Swing,4/4,F,1945
Armageddon,Wayne Shorter,Medium Swing,4/4,Bbmin,1963
Armando's Rhumba,Chick Corea,Latin,4/4,Cmin,1976
As Long As I Live,Harold Arlen,Medium Swing,4/4,F,1934
As Time Goes By,Herman Hupfeld,Ballad,4/4,Eb,1931
Ask Me Now,Thelonious Monk,Ballad,4/4,Db,1951
At Last,Harry Warren,Medium Swing,4/4,,1941
At Long Last Love,Cole Porter,Medium Swing,4/4,,1938
Au Privave,Charlie Parker,Up Tempo Swing,4/4,F,1951
Autumn In New York,Vernon Duke,Ballad,4/4,F,1934
Autumn Leaves,Joseph Kosma,Medium Swing,4/4,Gmin,1945
Autumn Nocturne,Gannon-Myrow,Slow Swing,4/4,,1941
Avalon,Jolson-Sylva-Rose,Up Tempo Swing,4/4,Bb,1920
Ba-lue Bolivar Ba-lues-are,Thelonious Monk,Medium Swing,4/4,Bb,1959
"Baby, Won't You Please Come Home",Warfield-Williams,Medium Slow,4/4,G,1911
Backstage Sally,Wayne Shorter,Medium Swing,4/4,Fmin,1977
Bags and Trane,Milt Jackson,Medium Swing,4/4,Cmin,1957
Bags' Groove,Milt Jackson,Medium Swing,4/4,F,1952
"Balance, The",Dave Holland,Even 16ths,5/4,Gmin,1976
Ballad For Very Tired And Very Sad Lotus Eaters,Billy Strayhorn,Medium Swing,4/4,Ab,1973
Baltimore Oriole,Hoagy Carmichael,Ballad,4/4,Gmin,1941
Barbados,Charlie Parker,Latin,4/4,F,1956
Barbara,Horace Silver,Waltz,6/4,Eb,1959
Bark For Barksdale,Gerry Mulligan,Up Tempo Swing,4/4,F,1954
Basin Street Blues,Spencer Williams,Slow Swing,4/4,Bb,1925
"Baubles, Bangles and Beads",Borodin-Wright-Forrest,Waltz,3/4,Ab,1955
Be Careful It's My Heart,Irving Berlin,Medium Swing,4/4,F,1942
Be My Love,Nikolaus Brodszky,Medium Swing,4/4,G,1950
Be-Bop,Dizzy Gillespie,Up Tempo Swing,4/4,Fmin,1945
Beatrice,Sam Rivers,Medium Swing,4/4,F,1966
Beautiful Love,Victor Young,Medium Swing,4/4,Dmin,1933
Beauty And The Beast,Wayne Shorter,Funk,4/4,F,1967
Begin The Beguine,Cole Porter,Medium Swing,4/4,,1935
Bein' Green,Joe Raposo,Even 8ths,4/4,Bb,1970
Bemsha Swing,Thelonious Monk,Medium Swing,4/4,,1955
Benny's Tune,Lionel Loueke,Afro,6/4,Db,1960
Bernie's Tune,Bernie Miller,Medium Up Swing,4/4,Dmin,1954
Besame Mucho,Consuelo Velazques,Bossa Nova,4/4,Dmin,1942
Bess You Is My Woman,George Gershwin,Ballad,4/4,Bb,1939
Bessie's Blues,John Coltrane,Up Tempo Swing,4/4,Eb,1959
"Best Is Yet To Come (Page 1), The",Cy Coleman,Medium Swing,4/4,Ab,1957
"Best Is Yet To Come (Page 2), The",Cy Coleman,Medium Swing,4/4,Ab,1957
"Best Thing For You Is Me, The",Irving Berlin,Medium Swing,4/4,,1942
"Best Things In Life Are Free, The",DeSylva-Brown-Henderson,Medium Up Swing,4/4,,1926
Better Days Ahead,Pat Metheny,Samba,4/4,,1976
Better Git It In Your Soul,Charles Mingus,Up Tempo Swing,6/4,F,1944
Better Than Anything,Loughborough-Wheat,Waltz,3/4,D,1974
Between The Devil And The Deep Blue Sea,Harold Arlen,Medium Up Swing,4/4,F,1932
Bewitched,Richard Rodgers,Ballad,4/4,,1936
Beyond The Blue Horizon,Whiting-Harding,Medium Swing,4/4,Bb,1931
Beyond The Sea,Charles Trenet,Medium Swing,4/4,F,1947
Bidin' My Time,George Gershwin,Medium Swing,4/4,Eb,1927
Big Nick,John Coltrane,Medium Slow,4/4,G,1963
"Bill Bailey, Won't You Please Come Home",Hughie Cannon,Medium Up Swing,4/4,G,1902
Bill's Hit Tune,Bill Evans,Medium Swing,4/4,Cmin,1962
Billie's Bounce,Charlie Parker,Medium Up Swing,4/4,F,1945
Billy Boy,Traditional,Medium Up Swing,4/4,,1939
Birk's Works,Dizzy Gillespie,Up Tempo Swing,4/4,Fmin,1945
"Birth Of The Blues, The",Ray Henderson,Slow Swing,4/4,,1927
Black And Blue,Fats Waller,Slow Swing,4/4,,1930
Black And Tan Fantasy,Ellington-Miley,Medium Swing,4/4,Bbmin,1927
Black Butterfly,Ellington-Carruthers-Mills,Slow Swing,4/4,F,1940
Black Coffee,Burke-Webster,Slow Swing,4/4,,1929
Black Narcissus,Joe Henderson,Waltz,3/4,G#min,1970
Black Nile,Wayne Shorter,Up Tempo Swing,4/4,Dmin,1964
Blackberry Winter,Alec Wilder,Ballad,4/4,F,1962
Blame It On My Youth,Oscar Levant,Ballad,4/4,Eb,1945
Blood Count,Billy Strayhorn,Ballad,4/4,D,1967
Bloomdido,Charlie Parker,Up Tempo Swing,4/4,Bb,1950
Blue (And Broken Hearted),Leslie-Handman-Clarke,Medium Swing,4/4,Bb,1932
Blue And Sentimental,Livingstone-David-Basie,Ballad,4/4,Eb,1937
Blue Bossa,Kenny Dorham,Bossa Nova,4/4,Cmin,1963
Blue Champagne,Watts-Ryerson-Eaton,Medium Swing,4/4,F,1935
Blue Daniel,Frank Rosolino,Waltz,3/4,D,1960
Blue In Green,"Miles Davis, Bill Evans",Ballad,4/4,Dmin,1959
Blue Lou,Irving Mills,Medium Swing,4/4,Bb,1939
Blue Monk,Thelonious Monk,Medium Swing,4/4,Bb,1952
Blue Moon,Richard Rodgers,Medium Swing,4/4,Eb,1935
"Blue Room, The",Richard Rodgers,Medium Swing,4/4,F,1934
Blue Silver,Horace Silver,Medium Swing,4/4,Ebmin,1957
Blue Skies,Irving Berlin,Medium Up Swing,4/4,,1925
Blue Sphere,Thelonious Monk,Medium Swing,4/4,Bb,1976
Blue Turning Grey Over You,Fats Waller,Slow Swing,4/4,Bb,1931
Blueberry Hill,Lewis-Stock-Rose,Medium Swing,4/4,Eb,1940
Bluehawk,Thelonious Monk,Medium Swing,4/4,Bb,1959
Blues Five Spot,Thelonious Monk,Medium Swing,4/4,Bb,1955
Blues For Alice,Charlie Parker,Medium Up Swing,4/4,F,1945
Blues For Wood,Woody Shaw,Up Tempo Swing,4/4,Fmin,1961
Blues In The Closet,Oscar Pettiford,Medium Up Swing,4/4,Ab,1947
Blues In The Night,Harold Arlen,Slow Swing,4/4,G,1939
Blues March,Benny Golson,Medium Swing,4/4,Bb,1958
Bluesette,Toots Thielemans,Waltz,3/4,Bb,1958
Body And Soul,Johnny Green,Ballad,4/4,Db,1930
Bohemia After Dark,Oscar Pettiford,Up Tempo Swing,4/4,Gmin,1957
Bolivia,Cedar Walton,Up Tempo Swing,4/4,D,1966
Boo Boo's Birthday,Thelonious Monk,Medium Swing,4/4,,1968
Booker's Waltz,Booker Little,Waltz,3/4,Ab,1968
Boplicity,Cleo Henry,Medium Swing,4/4,F,1949
Born To Be Blue,Wells-Torme,Ballad,4/4,,1935
Bossa Antigua,Paul Desmond,Bossa Nova,4/4,Ab,1965
"Boulevard Of Broken Dreams, The",Dubin-Warren,Ballad,4/4,Dmin,1940
Bouncin' With Bud,Bud Powell,Up Tempo Swing,4/4,Bb,1947
Bourbon Street Parade,Paul Barbarin,Medium Up Swing,4/4,Ab,1939
"Boy Next Door, The",Martin-Blane,Waltz,3/4,,1946
Brazil (Aquarela Do Brasil),Ary Barroso,Samba,4/4,D,1936
Brazilian Like,Michel Petrucciani,Bossa Nova,4/4,Bbmin,1968
Brazilian Suite,Michel Petrucciani,Bossa Nova,4/4,Bbmin,1976
"Breeze And I, The",Ernesto Lecuona,Latin,4/4,Eb,1930
Bright Boy,John Bright,Medium Up Swing,4/4,Eb,1976
Bright Mississippi,Thelonious Monk,Up Tempo Swing,4/4,Ab,1959
Bright Size Life,Pat Metheny,Even 8ths,4/4,D,1977
Brilliant Corners,Thelonious Monk,Medium Swing,4/4,Bb,1957
Broadway,William-Henri-Woode,Medium Up Swing,4/4,Bb,1926
Brother Can You Spare A Dime,Yarburg-Gorney,Slow Swing,4/4,Cmin,1931
Brotherhood Of Man,Frank Loesser,Medium Up Swing,4/4,Eb,1947
Bud Powell,Chick Corea,Medium Up Swing,4/4,F,1960
Budo,Davis-Powell,Up Tempo Swing,4/4,Ab,1949
But Beautiful,Jimmy Van-Heusen,Ballad,4/4,G,1939
But Not For Me,George Gershwin,Medium Up Swing,4/4,Eb,1934
Butch And Butch,Oliver Nelson,Medium Up Swing,4/4,G,1957
Butterfly,Herbie Hancock,Funk,4/4,Fmin,1966
Butterfly Dreams,Stanley Clarke,Waltz,3/4,,1976
By Myself,Arthur Schwartz,Medium Swing,4/4,F,1935
Bye Bye Baby,Jule Styne,Medium Swing,,Bb,1955
Bye Bye Blackbird,Ray Henderson,Medium Swing,4/4,F,1924
Bye Bye Blues,Hamm-Bennett-Lown-Gray,Up Tempo Swing,4/4,,1934
Bye-Ya,Thelonious Monk,Medium Swing,4/4,Ab,1959
C-Jam Blues,Duke Ellington,Medium Swing,4/4,,1938
C.T.A.,Jimmy Heath,Up Tempo Swing,4/4,Bb,1963
C'est Si Bon,Henri Betti,Medium Swing,4/4,Bb,1947
Cabaret,Kander-Ebb,Medium Swing,4/4,Eb,1958
Cabin in the Sky,Vernon Duke,Medium Swing,4/4,G,1941
Call Me,Tony Hatch,Bossa Nova,4/4,G,1966
Call Me Irresponsible,Jimmy Van-Heusen,Medium Swing,4/4,F,1962
Can't Help Lovin' Dat Man,Jerome Kern,Slow Swing,4/4,Eb,1935
Can't We Be Friends,Swift-James,Medium Swing,4/4,Eb,1932
Candy,David-Whitney-Kramer,Medium Swing,4/4,Bb,1953
Cantaloupe Island,Herbie Hancock,Rock Pop,4/4,Fmin,1964
Captain Marvel,Chick Corea,Samba,4/4,,1977
Caravan,Duke Ellington,Latin,4/4,Fmin,1937
Catch Me,Joe Pass,Up Tempo Swing,4/4,Dmin,1964
Celia,Bud Powell,Up Tempo Swing,4/4,Bb,1959
Central Park West,John Coltrane,Ballad,4/4,B,1966
Ceora,Lee Morgan,Bossa Nova,4/4,Ab,1966
Chameleon,Herbie Hancock,Funk,4/4,Bbmin,1973
Change Partners,Irving Berlin,Medium Swing,4/4,F,1934
Charleston,James Johnson,Medium Up Swing,4/4,Bb,1920
"Chase, The",Dexter Gordon,Medium Up Swing,4/4,Bb,1976
Chasin' The Trane,John Coltrane,Up Tempo Swing,4/4,F,1960
Cheek To Cheek,Irving Berlin,Medium Up Swing,4/4,,1935
Cheese Cake,Dexter Gordon,Medium Up Swing,4/4,Cmin,1959
Cheetah,Kenny Burrell,Up Tempo Swing,4/4,Bb,1976
Chega De Saudade (No More Blues),Antonio-Carlos Jobim,Bossa Nova,4/4,Dmin,1958
Chelsea Bridge,Billy Strayhorn,Ballad,4/4,Db,1941
Cherokee,Ray Noble,Up Tempo Swing,4/4,Bb,1938
Cheryl,Charlie Parker,Medium Swing,4/4,,1959
Chicago,Fred Fisher,Medium Swing,4/4,,1946
"Chicken, The",Pee-Wee Ellis,Funk,4/4,Bb,1976
Children Of The Night,Wayne Shorter,Medium Swing,4/4,Cmin,1966
Chucho,Paquito D'Rivera,Latin,4/4,Dmin,1976
Close Enough For Love,Mandel-Williams,Ballad,4/4,Ab,1974
Close Your Eyes,Bernice Petkere,Medium Swing,4/4,Ebmin,1937
Cold Duck Time,Eddie Harris,Rock Pop,4/4,F,1969
Come Back To Me,"Alan Lerner, Burton Lane",Medium Swing,4/4,F,1935
Come Fly With Me,Jimmy Van-Heusen,Medium Up Swing,4/4,,1958
Come Rain Or Come Shine,Harold Arlen,Medium Swing,4/4,F,1946
Come Sunday,Duke Ellington,Ballad,4/4,Bb,1940
Comes Love,Brown-Stept-Tobias,Medium Swing,4/4,Gmin,1930
Comrade Conrad,Bill Evans,Medium Swing,3/4,Gmin,1971
Con Alma,Dizzy Gillespie,Afro,4/4,,1958
Conception,George Shearing,Medium Swing,4/4,Db,1954
Conference Of The Birds,Dave Holland,Even 8ths,2/4,F,1974
Confirmation,Charlie Parker,Up Tempo Swing,4/4,F,1946
Contemplation,McCoy Tyner,Waltz,3/4,Cmin,1968
Continuum,Jaco Pastorius,Funk,4/4,E,1976
"Cool One, The",Benny Golson,Medium Swing,4/4,G,1959
Copenhagen,Davis-Melrose,Medium Swing,4/4,Bb,1947
Coral,Keith Jarrett,Ballad,4/4,Cmin,1959
Corcovado,Antonio-Carlos Jobim,Bossa Nova,4/4,,1961
"Core, The",Freddie Hubbard,Up Tempo Swing,4/4,Ebmin,1964
Cottage For Sale,Willard Robison,Medium Swing,4/4,Eb,1947
Cotton Tail,Duke Ellington,Up Tempo Swing,4/4,Bb,1940
Could It Be You,Cole Porter,Ballad,4/4,Bb,1963
Countdown,John Coltrane,Up Tempo Swing,4/4,Bb,1959
Cousin Mary,John Coltrane,Medium Up Swing,4/4,Ab,1960
Crazy He Calls Me,Carl Sigman,Ballad,4/4,F,1942
Crazy Rhythm,Wolfe-Kahn-Meyer,Up Tempo Swing,4/4,F,1931
Creole Love Call,Duke Ellington,Medium Swing,4/4,Bb,1927
Crepuscule With Nellie,Thelonious Monk,Ballad,4/4,Ab,1959
Crisis,Freddie Hubbard,Medium Swing,4/4,B,1968
Criss Cross,Thelonious Monk,Medium Swing,4/4,Gmin,1958
Cry Me A River,Arthur Hamilton,Ballad,4/4,Eb,1934
Crystal Silence,Chick Corea,Ballad,4/4,Amin,1972
Cute,Neal Hefti,Medium Swing,4/4,F,1939
Cyclic Episode,Sam Rivers,Medium Swing,4/4,,1976
Cynthia's In Love,Owens-White-Gish,Medium Swing,4/4,Eb,1955
Daahoud,Clifford Brown,Up Tempo Swing,4/4,Eb,1954
Dance Cadaverous,Wayne Shorter,Waltz,3/4,,1964
Dance Of The Infidels,Bud Powell,Up Tempo Swing,4/4,F,1947
Dancing In The Dark,Arthur Schwartz,Medium Swing,4/4,,1934
Dancing On The Ceiling,Richard Rodgers,Ballad,4/4,F,1936
Danny Boy,Traditional,Medium Swing,4/4,,1910
Darn That Dream,Jimmy Van-Heusen,Ballad,4/4,G,1939
Dat Dere,Bobby Timmons,Slow Swing,4/4,Cmin,1961
Day By Day,Cahn-Stordahl-Weston,Medium Swing,4/4,G,1938
Day Dream,Strayhorn-Ellington,Ballad,4/4,F,1941
Day Dreaming,Jerome Kern,Ballad,4/4,Bb,1965
"Day In, Day Out",Rube Bloom,Medium Swing,4/4,,1947
Daybreak,Adamson-Grofe,Medium Swing,4/4,Eb,1946
Days And Nights Waiting,Keith Jarrett,Even 8ths,4/4,D,1974
Days Of Wine And Roses,Henry Mancini,Medium Swing,4/4,F,1962
Dear Lord,John Coltrane,Medium Swing,4/4,D,1968
Dear Old Stockholm,Traditional,Medium Swing,4/4,Dmin,1954
Dearly Beloved,Jerome Kern,Medium Swing,4/4,,1942
Decision,Sonny Rollins,Medium Swing,4/4,Fmin,1957
Dedicated To You,Cahn-Chaplin-Zaret,Ballad,4/4,Bb,1946
Deed I Do,Hirsch-Rose,Medium Swing,4/4,,1927
Deep Purple,Peter De-Rose,Medium Swing,4/4,F,1929
Del Sasser,Sam Jones,Medium Up Swing,4/4,Eb,1961
Desafinado,Antonio-Carlos Jobim,Bossa Nova,4/4,F,1958
Desafinado (Original),Antonio-Carlos Jobim,Bossa Nova,4/4,E,1958
Detour Ahead,Herb Ellis,Ballad,4/4,,1949
Devil May Care,Dorough-Kirk,Medium Up Swing,4/4,Gmin,1956
Dewey Square,Charlie Parker,Medium Up Swing,4/4,Eb,1947
Dexterity,Charlie Parker,Medium Up Swing,4/4,Bb,1947
Diane,Rapee-pollack,Medium Swing,4/4,Eb,1939
Dienda,Kenny Kirkland,Waltz,3/4,,1974
Dig,Miles Davis,Up Tempo Swing,4/4,Ab,1954
Dinah,Harry Akst,Medium Up Swing,4/4,G,1913
Dindi,Antonio-Carlos Jobim,Bossa Nova,4/4,Eb,1961
Diverse,Charlie Parker,Up Tempo Swing,4/4,Bbmin,1957
Django,John Lewis,Medium Swing,4/4,Fmin,1951
Do It Again,Gershwin-De Sylva,Ballad,4/4,F,1935
Do Nothin' Til You Hear From Me,Duke Ellington,Medium Swing,4/4,Bb,1940
Do You Know What It Means?,Louis Alter,Medium Swing,4/4,,1939
Dolores,Wayne Shorter,Up Tempo Swing,4/4,Db,1959
Dolphin Dance,Herbie Hancock,Medium Swing,4/4,Eb,1965
"Dolphin, The",Luiz Eca,Bossa Nova,4/4,E,1976
Don't Be That Way,Edgar Sampson,Medium Swing,4/4,Db,1937
Don't Blame Me,Jimmy McHugh,Ballad,4/4,,1931
Don't Explain,Billie Holiday,Ballad,4/4,Dmin,1942
Don't Fence Me In,Cole Porter,Medium Swing,4/4,F,1935
Don't Get Around Much Anymore,Duke Ellington,Medium Swing,4/4,,1942
Don't Go To Strangers,Kent-Mason-Evans,Ballad,4/4,Bb,1954
Don't Know Why,Jesse Harris,Ballad,4/4,Bb,1999
Don't Misunderstand,Gordon Parks,Medium Swing,4/4,F,1968
Don't Take Your Love From Me,Henry Nemo,Ballad,4/4,,1941
Don't Worry 'Bout Me,Rube Bloom,Ballad,4/4,Ab,1936
Donna Lee,Charlie Parker,Up Tempo Swing,4/4,Ab,1947
Down For Double,Freddie Green,Medium Up Swing,4/4,Bb,1951
Down In The Depths,Cole Porter,Medium Swing,,G,1939
Doxy,Sonny Rollins,Medium Swing,4/4,Bb,1947
Dream,Johnny Mercer,Slow Swing,4/4,Bb,1936
Dream A Little Dream Of Me,Schwendt-Andre-Kahn,Ballad,4/4,G,1938
Dream Dancing,Cole Porter,Medium Swing,4/4,,1955
Dreamsville,Henry Mancini,Ballad,4/4,,1959
Driftin',Herbie Hancock,Medium Swing,4/4,Eb,1954
Duke Ellington's Sound Of Love,Charles Mingus,Ballad,4/4,Db,1974
"Duke, The",Dave Brubeck,Medium Swing,4/4,,1963
E.S.P.,Wayne Shorter,Up Tempo Swing,4/4,F,1965
Early Autumn,Burns-Herman,Ballad,4/4,,1946
East Of The Sun,Brooks Bowman,Medium Swing,4/4,G,1925
East St. Louis Toodle-oo,Ellington-Milley,Medium Swing,4/4,Cmin,1927
Easter Parade,Irving Berlin,Medium Swing,4/4,Bb,1938
Easy Does It,Oliver-Young,Medium Swing,4/4,,1946
Easy Living,Ralph Rainger,Ballad,4/4,F,1930
Easy Street,Alan Jones,Medium Swing,4/4,Eb,1954
Easy To Love,Cole Porter,Medium Swing,4/4,G,1934
Ecaroh,Horace Silver,Medium Swing,,Db,1952
Eclypso,Tommy Flanagan,Latin-Swing,4/4,Eb,1964
Eiderdown,Steve Swallow,Medium Swing,4/4,Gmin,1968
Eighty One,Ron Carter,Even 8ths,4/4,F,1965
El Cajon,Johnny Mandel,Bossa Nova,4/4,Bb,1976
El Gaucho,Wayne Shorter,Bossa Nova,4/4,F,1965
Elora,J.J. Johnson,Medium Swing,4/4,Bb,1976
Embraceable You,George Gershwin,Ballad,4/4,G,1927
Emily,Johnny Mandel,Waltz,3/4,G,1944
"End Of A Love Affair, The",Edward Redding,Ballad,4/4,F,1947
Epilogue,Bill Evans,Medium Swing,4/4,Eb,1976
Epistrophy,"Thelonious Monk, Kenny Clarke",Medium Swing,4/4,Db,1947
Equinox,John Coltrane,Slow Swing,4/4,C#min,1965
Eronel,Thelonious Monk,Medium Swing,4/4,G,1956
Estate,Bruno Martino,Bossa Nova,4/4,Bmin,1965
Eternal Triangle,Sonny Stitt,Up Tempo Swing,4/4,Bb,1959
Every Time We Say Goodbye,Cole Porter,Ballad,4/4,Eb,1944
Everybody's Song But My Own,Kenny Wheeler,Waltz,3/4,Cmin,1974
Everything Happens To Me,Matt Dennis,Ballad,4/4,Bb,1937
Everything I Have Is Yours,Burton Lane,Ballad,4/4,,1938
Everything I Love,Cole Porter,Medium Swing,4/4,F,1956
Everything I've Got Belongs To You,Rodgers-Hart,Medium Swing,4/4,Eb,1941
Evidence,Thelonious Monk,Medium Swing,4/4,Eb,1951
Exactly Like You,Jimmy McHugh,Medium Swing,4/4,,1930
Eye of the Hurricane,Herbie Hancock,Up Tempo Swing,4/4,Fmin,1964
Fall,Wayne Shorter,Ballad,4/4,Emin,1959
Falling Grace,Steve Swallow,Even 8ths,4/4,Ab,1964
Falling In Love Again,Frederick Hollander,Waltz,3/4,,1930
Falling In Love With Love,Richard Rodgers,Waltz,3/4,Bb,1937
Farmer's Trust,Pat Metheny,Waltz,3/4,,1977
Fascinating Rhythm,George Gershwin,Medium Up Swing,4/4,F,1924
Fascination,Fernando-Dante Marchetti,Waltz,3/4,,1936
Favela,Antonio-Carlos Jobim,Bossa Nova,3/4,Gmin,1976
Fee-Fi-Fo-Fum,Wayne Shorter,Medium Swing,4/4,Bb,1964
Feel Like Makin' Love,Eugene McDaniels,Rock Pop,4/4,Eb,1970
Feels So Good,Chuck Mangione,Funk,4/4,F,1976
Fever,Davenport-Cooley,Medium Swing,4/4,Amin,1957
Fine And Dandy,Kay Swift,Medium Up Swing,4/4,F,1934
Fine And Mellow,Billie Holiday,Slow Swing,4/4,F,1942
Firm Roots,Cedar Walton,Up Tempo Swing,4/4,Eb,1959
Five Brothers,Gerry Mulligan,Medium Up Swing,4/4,,1956
Flamenco Sketches,Davis-Evans,Ballad,4/4,,1959
Flamingo,Ted Grouya,Ballad,4/4,F,1941
Flat Foot Floogee,Gaillard-Stuart-Green,Slow Swing,4/4,F,1936
Flintstones,Hoyt Curtain,Up Tempo Swing,4/4,Bb,1976
Fly Me To The Moon,Bart Howard,Medium Swing,4/4,,1962
Flying Home,Goodman-Hampton,Medium Swing,4/4,Eb,1939
"Folks Who Live On The Hill, The",Jerome Kern,Ballad,4/4,,1944
Fools Rush In,Rube Bloom,Slow Swing,4/4,,1932
Footprints,Wayne Shorter,Waltz,3/4,Cmin,1964
For All We Know,Fred Coots,Ballad,4/4,Eb,1930
For Heaven's Sake,Edwards-Meyer-Bretton,Ballad,4/4,F,1956
For Minors Only,Jimmy Heath,Up Tempo Swing,4/4,Cmin,1958
For Once In My Life,Orlando Murden,Medium Swing,4/4,Bb,1964
For Sentimental Reasons,William Best,Slow Swing,4/4,F,1936
"For You, For Me, For Evermore",George Gershwin,Slow Swing,4/4,Eb,1947
Forest Flower,Charles Lloyd,Bossa Nova,4/4,,1969
Forever Sonny,Jimmy Heath,Bossa Nova,4/4,Bb,1976
Four,Miles Davis,Up Tempo Swing,4/4,Eb,1963
Four Brothers,Jimmy Giuffre,Up Tempo Swing,4/4,Ab,1955
Four In One,Thelonious Monk,Medium Swing,4/4,Eb,1951
Four On Six,Wes Montgomery,Up Tempo Swing,4/4,Gmin,1959
Fran Dance,Miles Davis,Medium Swing,4/4,Bb,1957
Freckle Face,Sammy Nestico,Medium Swing,4/4,Bb,1959
Freddie Freeloader,Miles Davis,Medium Swing,4/4,Bb,1959
Freight Train,Tommy Flanagan,Medium Up Swing,4/4,Ab,1955
Frenesi,Alberto Dominguez,Latin,4/4,Ab,1939
Friday The 13th,Thelonious Monk,Medium Swing,4/4,G,1963
"Frim Fram Sauce, The",Joe Richardel,Medium Swing,4/4,Bb,1946
From This Moment On,Cole Porter,Up Tempo Swing,4/4,Fmin,1955
Full House,Wes Montgomery,Waltz,3/4,Fmin,1960
Funk In Deep Freeze,Hank Mobley,Medium Swing,,Ab,1957
Funkallero,Bill Evans,Medium Up Swing,4/4,Cmin,1976
Gallop's Gallop,Thelonious Monk,Medium Swing,4/4,Ab,1955
Gary's Notebook,Lee Morgan,Waltz,3/4,Cmin,1964
"Gee Baby, Ain't I Good To You",Don Redman,Slow Swing,4/4,Eb,1941
"Gentle Rain, The",Luiz Bonfa,Bossa Nova,4/4,Amin,1969
Gentle Wind And Falling Tear,Gary Burton,Ballad,4/4,Ab,1974
Georgia On My Mind,Hoagy Carmichael,Slow Swing,4/4,F,1930
Get Happy,Harold Arlen,Medium Up Swing,4/4,F,1927
Get Me To The Church On Time,Alan Lerner,Up Tempo Swing,4/4,G,1956
Get Out Of Town,Cole Porter,Medium Swing,4/4,Bb,1936
Giant Steps,John Coltrane,Up Tempo Swing,4/4,Eb,1959
"Girl From Ipanema, The",Antonio-Carlos Jobim,Bossa Nova,4/4,F,1962
Girl Talk,Neal Hefti,Slow Swing,4/4,F,1964
Give Me The Simple Life,Rube Bloom,Medium Swing,4/4,Eb,1946
Glad To Be Unhappy,Rodgers-Hart,Ballad,4/4,F,1936
Gloria's Step,Scott LaFaro,Medium Swing,4/4,F,1960
"Glory Of Love, The",Billy Hill,Ballad,4/4,G,1935
God Bless The Child,Herzog-Holiday,Ballad,4/4,Eb,1940
Godchild,George Wallington,Medium Swing,4/4,Ab,1949
Gone With The Wind,Allie Wrubel,Medium Swing,4/4,Eb,1932
Good Bait,Tadd Dameron,Medium Swing,4/4,Bb,1946
"Good Life, The",Sacha Distel,Ballad,4/4,Ab,1966
Good Morning Heartache,Drake-Fisher-Higginbotham,Ballad,4/4,Cmin,1941
Goodbye,Gordon Jenkins,Ballad,4/4,,1964
Goodbye Pork Pie Hat,Charles Mingus,Ballad,4/4,Eb,1964
Got A Match?,Chick Corea,Up Tempo Swing,4/4,Dmin,1976
Grand Central,John Coltrane,Up Tempo Swing,4/4,Bbmin,1966
"Gravy Waltz, The",Ray Brown,Waltz,3/4,,1963
Green Chimneys,Thelonious Monk,Medium Swing,4/4,G#min,1959
Gregory Is Here,Horace Silver,Bossa Nova,4/4,Bb,1964
Groovin' High,Dizzy Gillespie,Up Tempo Swing,4/4,Eb,1945
Hackensack,Thelonious Monk,Medium Swing,4/4,F,1953
Half Nelson,Miles Davis,Up Tempo Swing,4/4,,1947
Hallelujah I Love Her So,Ray Charles,Medium Swing,4/4,Bb,1965
Hallucinations,Bud Powell,Up Tempo Swing,4/4,F,1947
Happiness Is A Thing Called Joe,Harold Arlen,Medium Swing,4/4,F,1942
Happy Little Sunbeam,Russ Freeman,Up Tempo Swing,4/4,F,1955
Happy Talk,Rodgers-Hammerstein II,Medium Swing,4/4,F,1947
Harlem Nocturne,Hagen-Rogers,Medium Swing,,Gmin,1939
Haunted Heart,Arthur Schwartz,Ballad,4/4,Eb,1948
Have You Met Miss Jones?,Richard Rodgers,Medium Swing,4/4,F,1939
He's A Tramp,Lee-Burke,Medium Swing,4/4,G,1956
Heart And Soul,Hoagy Carmichael,Medium Swing,4/4,F,1929
Heat Wave,Irving Berlin,Medium Swing,4/4,G,1936
Heaven,Duke Ellington,Ballad,4/4,Bb,1966
Hello,Milt Jackson,Ballad,4/4,G,1976
Hello Dolly,Jerry Herman,Medium Swing,4/4,,1957
Hello Young Lovers,Richard Rogers,Medium Up Swing,3/4,,1949
Here's That Rainy Day,Jimmy Van-Heusen,Ballad,4/4,G,1953
Here's To Life,Artie Butler,Ballad,4/4,Cmin,1991
Here's To My Lady,Bloom-Mercer,Medium Swing,4/4,Eb,1959
Hey There,Alder-Ross,Medium Swing,4/4,Eb,1955
Hideaway,David Sanborn,Medium Swing,4/4,Ab,1976
High Fly,Randy Weston,Medium Swing,4/4,,1968
High Hopes,Jimmy Van-Heusen,Medium Swing,4/4,F,1957
Hocus-Pocus,Lee Morgan,Medium Up Swing,4/4,F,1955
Home Cookin',Horace Silver,Medium Swing,4/4,F,1957
Homecoming,Dave Holland,Medium Up Swing,4/4,Eb,1976
Honeysuckle Rose,Fats Waller,Up Tempo Swing,4/4,F,1929
Horace-Scope,Horace Silver,Medium Up Swing,4/4,Db,1960
Hot House,Tadd Dameron,Up Tempo Swing,4/4,,1942
House Of Jade,Wayne Shorter,Slow Swing,4/4,Cmin,1974
How About You,Burton Lane,Medium Swing,4/4,F,1936
How Are Things In Glocca Morra,Burton Lane,Ballad,4/4,F,1937
How Deep Is The Ocean,Irving Berlin,Medium Swing,4/4,Eb,1933
How High The Moon,Morgan Lewis,Medium Swing,4/4,G,1941
How Insensitive,Antonio-Carlos Jobim,Bossa Nova,4/4,Dmin,1960
How Little We Know,Hoagy Carmichael,Medium Swing,4/4,F,1959
How Long Has This Been Going On?,George Gershwin,Ballad,4/4,F,1928
How My Heart Sings,Earl Zindars,Waltz,3/4,,1961
Humpty Dumpty,Chick Corea,Up Tempo Swing,4/4,,1968
Hungaria,Django Reinhardt,Medium Up Swing,4/4,G,1955
I Ain't Got Nobody,Graham-Williams,Slow Swing,4/4,G,1925
I Believe In You,Frank Loesser,Medium Up Swing,4/4,G,1956
I Can't Believe That You're In Love With Me,Jimmy McHugh,Medium Swing,4/4,,1931
I Can't Get Started,Vernon Duke,Ballad,4/4,,1930
I Can't Give You Anything But Love,Jimmy McHugh,Medium Swing,4/4,F,1928
I Concentrate On You,Cole Porter,Up Tempo Swing,4/4,Eb,1940
I Could Have Danced All Night,Frederick Loewe,Medium Swing,4/4,,1956
I Could Write A Book,Richard Rodgers,Medium Swing,4/4,,1930
I Cover The Waterfront,Johnny Green,Ballad,4/4,G,1933
I Cried For You,Freed-Arnheim-Lyman,Ballad,4/4,F,1939
I Didn't Know About You,Duke Ellington,Ballad,4/4,F,1941
I Didn't Know What Time It Was,Richard Rodgers,Medium Swing,4/4,G,1939
I Don't Know Enough About You,Peggy Lee,Medium Swing,4/4,,1954
I Fall In Love Too Easily,Jule Styne,Ballad,4/4,Eb,1946
I Feel Pretty,Bernstein-Sondheim,Waltz,3/4,,1956
I Found A New Baby,Palmer-Williams,Medium Swing,4/4,F,1927
I Get A Kick Out Of You,Cole Porter,Medium Swing,4/4,Eb,1934
I Get Along Without You,Hoagy Carmichael,Ballad,4/4,Bb,1936
I Got It Bad,Duke Ellington,Ballad,4/4,G,1940
I Got Rhythm,George Gershwin,Up Tempo Swing,4/4,Bb,1935
I Got The Sun In The Morning,Irving Berlin,Medium Swing,4/4,F,1946
I Gotta Right To Sing The Blues,Harold Arlen,Ballad,4/4,Bb,1927
I Guess I'll Hang My Tears Out To Dry,Jule Styne,Ballad,4/4,,1957
I Guess I'll Have To Change My Plan,Arthur Schwartz,Ballad,4/4,,1935
I Hadn't Anyone Till You,Ray Noble,Medium Swing,4/4,F,1929
I Have Dreamed,Rodgers-Hammerstein,Medium Swing,4/4,F,1951
I Hear A Rhapsody,Fragos-Baker-Gasparre,Medium Swing,4/4,Eb,1947
I Hear Music,Burton Lane,Medium Swing,4/4,F,1936
I Left My Heart In San Francisco,George Cory,Ballad,4/4,,1952
I Let A Song Go Out Of My Heart,Duke Ellington,Medium Swing,4/4,Eb,1940
I Like The Likes Of You,Vernon Duke,Medium Swing,4/4,Eb,1934
I Love Being Here With You,"Bill Schluger, Peggy Lee",Medium Swing,4/4,Bb,1964
I Love Paris,Cole Porter,Medium Swing,4/4,Cmin,1935
I Love You,Cole Porter,Medium Up Swing,4/4,F,1930
I Loves You Porgy,George Gershwin,Ballad,4/4,F,1935
I May Be Wrong,Henry Sullivan,Medium Swing,4/4,Eb,1927
I Mean You,Thelonious Monk,Medium Swing,4/4,F,1951
I Only Have Eyes For You,Harry Warren,Ballad,4/4,,1933
I Remember Clifford,Benny Golson,Ballad,4/4,Eb,1956
I Remember You,Victor Schertzinger,Medium Swing,4/4,F,1946
I See Your Face Before Me,Arthur Schwartz,Ballad,4/4,Eb,1939
I Should Care,Cahn-Stordahl-Weston,Medium Swing,4/4,,1936
I Surrender Dear,Harry Barris,Ballad,4/4,,1933
I Thought About You,Jimmy Van-Heusen,Ballad,4/4,F,1940
I Used To Be Color Blind,Irving Berlin,Medium Swing,,Eb,1938
I Want To Be Happy,Vincent Youmans,Medium Up Swing,4/4,,1927
I Want To Talk About You,Billy Eckstine,Ballad,4/4,Eb,1946
I Was Doing All Right,George Gershwin,Medium Swing,4/4,G,1930
I Will Wait For You,Michel Legrand,Medium Swing,4/4,F,1962
I Wish I Knew,Harry Warren,Ballad,4/4,G,1959
I Wish I Knew How It Would Feel To Be Free,Billy Taylor,Even 8ths,4/4,F,1967
I Wish I Were In Love Again,Richard Rodgers,Medium Swing,4/4,G,1939
I Wish You Love,Charles Trenet,Medium Swing,4/4,Eb,1946
I'll Be Around,Alec Wilder,Ballad,4/4,,1937
I'll Be Seeing You,Sammy Fain,Medium Swing,4/4,Eb,1938
I'll Close My Eyes,Reid-Kaye,Medium Swing,4/4,F,1957
I'll Get By (As Long As I Have You),Ahlert-Turk,Medium Swing,4/4,,1934
I'll Never Be The Same,Khan-Malneck-Signorelli,Medium Swing,4/4,F,1931
I'll Never Smile Again,Ruth Lowe,Ballad,4/4,Eb,1937
I'll Only Miss Her When I Think Of Her,Cahn-VanHeusen,Medium Swing,4/4,G,1959
I'll Remember April,Raye-DePaul,Medium Swing,4/4,G,1946
I'll See You In My Dreams,Jones-Kahn,Medium Up Swing,4/4,F,1939
I'll Take Romance,Ben Oakland,Waltz,3/4,F,1956
I'm A Fool To Want You,Herron-Sinatra-Wolf,Ballad,4/4,Emin,1956
I'm All Smiles,Leonard-Martin,Waltz,3/4,D,1961
I'm Always Chasing Rainbows,Harry Carroll,Medium Swing,4/4,G,1928
I'm An Old Cowhand,Johnny Mercer,Medium Swing,4/4,Eb,1936
I'm Beginning To See The Light,Hodges-James-Ellington,Medium Up Swing,4/4,,1944
I'm Confessin' (That I Love You),Daugherty-Neiberg-Reynolds,Medium Swing,4/4,G,1931
I'm Getting Sentimental Over You,George Bassman,Medium Swing,4/4,F,1936
I'm Glad There Is You,Jimmy Dorsey,Ballad,4/4,F,1947
I'm Gonna Laugh You Right Out Of My Life,Cy Coleman,Ballad,4/4,F,1946
I'm Gonna Sit Right Down and Write Myself A Letter,Fred Ahlert,Medium Swing,4/4,G,1935
I'm In The Mood For Love,Jimmy McHugh,Medium Swing,4/4,,1932
I'm Just A Lucky So-And-So,Duke Ellington,Medium Swing,4/4,G,1940
I'm Old Fashioned,Jerome Kern,Medium Swing,4/4,F,1937
I'm Putting All My Eggs In One Basket,Irving Berlin,Medium Swing,4/4,,1935
I'm Sitting On Top Of The World,Louis-Henderson-Young,Medium Swing,4/4,F,1923
I'm Through With Love,Kahn-Malneck-Livingston,Ballad,4/4,F,1932
I've Found A New Baby,Palmer-Williams,Medium Swing,4/4,Eb,1926
I've Got A Crush On You,George Gershwin,Ballad,4/4,Bb,1927
I've Got My Love To Keep Me Warm,Irving Berlin,Medium Swing,4/4,Eb,1937
I've Got The World On A String,Harold Arlen,Medium Swing,4/4,F,1937
I've Got You Under My Skin,Cole Porter,Medium Swing,4/4,Eb,1935
I've Grown Accustomed To Her Face,Frederick Loewe,Ballad,4/4,Eb,1956
I've Heard That Song Before,Jule Styne,Medium Swing,4/4,,1931
I've Never Been In Love Before,Frank Loesser,Medium Swing,4/4,Bb,1941
I've Told Eve'ry Little Star,Jerome Kern,Medium Swing,4/4,F,1930
Idle Moments,Grant Green,Slow Swing,4/4,Cmin,1963
If Ever I Would Leave You,Frederick Loewe,Medium Swing,4/4,Bb,1960
If I Could Be With You,James Johnson,Ballad,4/4,Eb,1930
If I Didn't Care,Jack Lawrence,Medium Swing,4/4,Bb,1939
If I Had You,Campbell-Connelly-Shapiro,Slow Swing,4/4,Bb,1927
If I Loved You,Richard Rodgers,Ballad,4/4,,1945
If I Ruled The World,Leslie Bricusse,Medium Swing,4/4,Eb,1959
If I Should Lose You,Ralph Rainger,Medium Swing,4/4,Bb,1939
If I Were A Bell,Frank Loesser,Medium Up Swing,4/4,F,1951
If You Could See Me Now,Tadd Dameron,Ballad,4/4,Eb,1956
If You Ever Should Leave,Cahn-Chaplin,Medium Swing,4/4,,1947
If You Never Come To Me (Inutil Paisagem),Antonio-Carlos Jobim,Bossa Nova,4/4,,1963
Ill Wind,Harold Arlen,Ballad,,Bb,1937
Imagination,Jimmy Van-Heusen,Ballad,4/4,Eb,1936
Impressions,John Coltrane,Up Tempo Swing,4/4,Dmin,1959
In A Little Spanish Town,Wayne-Lewis-Young,Medium Swing,4/4,G,1927
In A Mellow Tone (In A Mellotone),Duke Ellington,Medium Swing,4/4,Ab,1940
In a Sentimental Mood,Duke Ellington,Ballad,4/4,Dmin,1935
In A Shanty In Old Shanty Town,Little-Siras,Waltz,3/4,F,1932
In A Silent Way,Josef Zawinul,Latin,4/4,C#min,1969
In Her Family,Pat Metheny,Even 8ths,4/4,E,1974
In Love In Vain,Leo Robin Jerome Kern,Medium Swing,4/4,Bb,1947
In Pursuit Of The 27th Man,Horace Silver,Latin,,,1976
"In The Cool, Cool, Cool Of The Evening",Hoagy Carmichael,Medium Swing,4/4,F,1951
In The Middle Of A Kiss,Sam Coslow,Medium Swing,4/4,,1936
In The Still Of The Night,Cole Porter,Up Tempo Swing,4/4,F,1934
In The Wee Small Hours Of The Morning,Mann-Hilliard,Ballad,4/4,,1957
In Walked Bud,Thelonious Monk,Medium Up Swing,4/4,Ab,1951
In Your Own Sweet Way,Dave Brubeck,Medium Swing,4/4,Eb,1956
"Inch Worm, The",Frank Loesser,Waltz,3/4,F,1938
Indian Summer, Victor-Aldubin-Herbert,Medium Swing,4/4,G,1932
Indiana (Back Home Again In),James Hanley,Up Tempo Swing,4/4,F,1924
Infant Eyes,Wayne Shorter,Ballad,4/4,Eb,1965
Inner Urge,Joe Henderson,Up Tempo Swing,4/4,G,1964
Interplay,Bill Evans,Medium Swing,4/4,Fmin,1957
"Intrepid Fox, The",Freddie Hubbard,Medium Up Swing,4/4,Cmin,1970
Invitation,Bronislau Kaper,Even 8ths,4/4,Cmin,1954
Iris,Wayne Shorter,Waltz,3/4,Fmin,1966
Is That So?,Duke Pearson,Medium Up Swing,4/4,,1976
Is You Is Or Is You Ain't (Ma' Baby),Austin-Jordan,Medium Swing,4/4,Ab,1935
Isfahan,Strayhorn-Ellington,Medium Swing,4/4,Db,1959
Isn't It A Pity,George Gershwin,Ballad,4/4,,1936
Isn't It Romantic?,Richard Rodgers,Medium Swing,4/4,Eb,1932
Isn't This A Lovely Day (To Be Caught In The Rain),Irving Berlin,Medium Swing,,Bb,1935
Isotope,Joe Henderson,Medium Up Swing,4/4,,1954
Israel,John Carisi,Medium Swing,4/4,Dmin,1956
It Ain't Necessarily So,George Gershwin,Medium Swing,4/4,Gmin,1935
It Could Happen To You,Jimmy Van-Heusen,Medium Swing,4/4,Eb,1939
It Don't Mean A Thing,Duke Ellington,Medium Up Swing,4/4,Bb,1942
It Had To Be You,Isham Jones,Medium Swing,4/4,G,1929
It Might As Well Be Spring,Richard Rodgers,Medium Swing,4/4,G,1940
It Never Entered My Mind,Richard Rodgers,Ballad,4/4,F,1947
It Only Happens When I Dance With You,Irving Berlin,Medium Up Swing,4/4,,1938
It's A Big Wide Wonderful World,John Rox,Waltz,3/4,Ab,1949
It's A Blue World,Wright-Forrest,Medium Swing,4/4,F,1936
It's A Good Day,Peggy Lee,Medium Up Swing,4/4,,1946
It's A Lovely Day Today,Irving Berlin,Medium Swing,4/4,Bb,1944
It's A Raggy Waltz,Dave Brubeck,Waltz,3/4,G,1959
It's All Right With Me,Cole Porter,Up Tempo Swing,4/4,Cmin,1936
It's Been A Long Long Time,Jule Styne,Ballad,4/4,F,1946
It's De-lovely,Cole Porter,Medium Swing,4/4,F,1936
It's Easy To Remember,Richard Rodgers,Ballad,4/4,Eb,1937
It's Impossible,Armando Manzanero,Ballad,4/4,G,1971
It's Magic,Jule Styne,Ballad,4/4,Bb,1938
It's Only a Paper Moon,Harold Arlen,Medium Swing,4/4,G,1927
It's The Talk Of The Town,Jerry Livingston,Ballad,4/4,F,1939
It's You Or No One,Jule Styne,Up Tempo Swing,4/4,F,1957
Jackie-ing,Thelonious Monk,Medium Swing,4/4,Bb,1951
Jaco,Pat Metheny,Even 8ths,4/4,Cmin,1976
Jeannine,Duke Pearson,Medium Up Swing,4/4,Ab,1966
Jeepers Creepers,Harry Warren,Medium Swing,4/4,Bb,1937
Jersey Bounce,Plater-Bradshaw-Johnson,Medium Up Swing,4/4,F,1941
Jinrikisha,Joe Henderson,Medium Up Swing,4/4,Ab,1959
Jitterbug Waltz,Fats Waller,Waltz,3/4,Eb,1942
"Jody Grind, The",Horace Silver,Even 8ths,4/4,Bbmin,1960
"Joker, The",Lee Morgan,Medium Swing,4/4,Eb,1964
Jordu,Duke Jordan,Up Tempo Swing,4/4,Cmin,1953
Joshua,Victor Feldman,Up Tempo Swing,4/4,Dmin,1959
Joy Spring,Clifford Brown,Up Tempo Swing,4/4,F,1957
Juju,Wayne Shorter,Waltz,3/4,B,1966
Jumpin With Symphony Sid,Lester Young,Medium Swing,4/4,Bb,1945
Just A Gigolo,Leonello Casucci,Medium Swing,4/4,F,1931
Just A-Sittin' And A-Rockin,Ellington-Strayhorn-Gaines,Slow Swing,4/4,Ab,1945
Just Friends,John Klenner,Medium Swing,4/4,G,1929
Just In Time,Jule Styne,Up Tempo Swing,4/4,Bb,1958
Just One More Chance,Johnston-Coslow,Medium Swing,4/4,G,1931
Just One Of Those Things,Cole Porter,Up Tempo Swing,4/4,F,1935
Just Squeeze Me,Duke Ellington,Medium Swing,4/4,F,1940
"Just You, Just Me",Jesse Greer,Medium Swing,4/4,,1928
Kary's Trance,Lee Konitz,Medium Up Swing,4/4,Amin,1956
Katrina Ballerina,Woody Shaw,Waltz,3/4,Gmin,1976
Keepin' Myself For You,Vincent Youmans,Ballad,4/4,Eb,1930
"Kicker, The",Joe Henderson,Up Tempo Swing,4/4,Bb,1959
Ko Ko,Charlie Parker,Up Tempo Swing,4/4,Bb,1946
L.O.V.E.,Gabler-Kaempfert,Medium Swing,4/4,G,1964
La Fiesta,Chick Corea,Latin,6/4,A,1976
La Vie En Rose,Guglielmi-Piaf-David,Ballad,4/4,,1947
Ladies In Mercedes,Steve Swallow,Bossa Nova,4/4,G,1976
Lady Bird,Tadd Dameron,Up Tempo Swing,4/4,,1958
"Lady is a Tramp, The",Richard Rodgers,Medium Swing,4/4,,1937
Lady Sings The Blues,Nichols-Holiday,Ballad,4/4,Fmin,1941
"Lady's In Love With You, The",Burton Lane,Medium Swing,4/4,G,1939
Lakes,Pat Metheny,Even 8ths,4/4,D,1976
Lament,J.J. Johnson,Ballad,4/4,Fmin,1958
"Lamp Is Low, The",DeRose-Shefter,Medium Swing,4/4,,1937
Last Night When We Were Young,Harold Arlen,Ballad,4/4,G,1955
"Last Time I Saw Paris, The",Henry Mancini,Medium Swing,4/4,Ab,1947
Last Train Home,Pat Metheny,Even 8ths,4/4,Bb,1983
Laura,David Raksin,Ballad,4/4,,1940
Laurie,Bill Evans,Ballad,4/4,Bb,1960
Lazy Afternoon,Latouche-Moross,Ballad,4/4,Amin,1955
Lazy Bird,John Coltrane,Up Tempo Swing,4/4,G,1959
Lazy River,Hoagy Carmichael,Slow Swing,4/4,F,1930
Lazybones,Carmichael-Mercer,Slow Swing,4/4,,1931
Lennie's Pennies,Lennie Tristano,Up Tempo Swing,4/4,Cmin,1954
Let There Be Love,Rand-Grant,Medium Swing,4/4,Eb,1941
Let's Call The Whole Thing Off,George Gershwin,Medium Swing,4/4,G,1935
Let's Call This,Thelonious Monk,Medium Swing,4/4,G,1957
Let's Cool One,Thelonious Monk,Medium Swing,4/4,Eb,1955
Let's Do It (Let's Fall In Love),Cole Porter,Medium Swing,4/4,Bb,1928
Let's Face The Music And Dance,Irving Berlin,Medium Swing,4/4,,1936
Let's Fall In Love,Harold Arlen,Medium Swing,4/4,,1936
Let's Get Away From It All,Dennis-Adair,Medium Up Swing,4/4,Eb,1946
Let's Get Lost,Jimmy McHugh,Medium Swing,4/4,,1964
Li'l Darling,Neal Hefti,Medium Swing,4/4,F,1959
Light Blue,Thelonious Monk,Ballad,4/4,,1959
Ligia,Antonio-Carlos Jobim,Bossa Nova,4/4,B,1965
Like A Lover,Dori Caymmi-Nelson Motta,Bossa Nova,4/4,,1965
Like Someone In Love,Jimmy Van-Heusen,Medium Swing,4/4,Eb,1946
Like Sonny,John Coltrane,Bossa Nova,4/4,Eb,1960
Limbo,Wayne Shorter,Waltz,3/4,,1976
Limehouse Blues,Braham-Furber,Up Tempo Swing,4/4,Ab,1928
Line For Lyons,Gerry Mulligan,Medium Swing,4/4,G,1952
Linger Awhile,Vincent Rose,Medium Swing,4/4,F,1927
Litha,Chick Corea,Up Tempo Swing,4/4,D,1976
Little B's Poem,Bobby Hutcherson,Waltz,3/4,Fmin,1966
Little Boat (O Barquinho),Roberto Menescal,Bossa Nova,4/4,Bb,1963
Little Girl Blue,Richard Rodgers,Medium Swing,4/4,F,1934
Little Niles,Randy Weston,Waltz,3/4,Gmin,1960
Little Rootie Tootie,Thelonious Monk,Medium Swing,4/4,Ab,1951
Little Sunflower,Freddie Hubbard,Even 8ths,4/4,Dmin,1964
Little Waltz,Ron Carter,Waltz,3/4,Fmin,1976
Little Willie Leaps,Charlie Parker,Up Tempo Swing,4/4,F,1947
Liza,George Gershwin,Medium Swing,4/4,Eb,1927
Locomotion,John Coltrane,Up Tempo Swing,4/4,Bb,1955
Lone Jack (Page 1),Pat Metheny,Samba,4/4,Bbmin,1983
Lone Jack (Page 2 - Solos),Pat Metheny,Samba,4/4,Bbmin,1983
"Lonesome Road, The",Austin-Shilkret,Ballad,4/4,Eb,1927
Long Ago And Far Away,Jerome Kern,Up Tempo Swing,4/4,F,1946
Lonnie's Lament,John Coltrane,Slow Swing,4/4,Cmin,1960
Look For The Silver Lining,Jerome Kern,Medium Swing,4/4,Eb,1934
"Look Of Love, The",Burt Bacharach,Bossa Nova,4/4,Bb,1964
Look To The Rainbow,Burton Lane,Waltz,3/4,Eb,1947
Look To The Sky,Antonio-Carlos Jobim,Bossa Nova,4/4,Eb,1976
Looking Up,Michel Petrucciani,Latin,4/4,A,1960
Love For Sale,Cole Porter,Medium Up Swing,4/4,Bbmin,1940
Love Is Just Around The Corner,Lewis Gensler,Medium Swing,4/4,F,1936
Love Is The Sweetest Thing,Ray Noble,Medium Swing,4/4,D,1932
Love Me Or Leave Me,Walter Donaldson,Medium Swing,4/4,Ab,1927
"Love Nest, The",Louis Hirsch,Medium Swing,4/4,Eb,1936
Love Walked In,George Gershwin,Medium Swing,4/4,Eb,1927
Lover,Richard Rodgers,Up Tempo Swing,4/4,Eb,1930
Lover Man,Davis-Ramirez-Sherman,Ballad,4/4,F,1933
"Lover, Come Back To Me",Sigmund Romberg,Medium Up Swing,4/4,Eb,1930
Lucky Southern,Keith Jarrett,Bossa Nova,4/4,D,1964
Lullaby In Rhythm,Goodman-Hirsch,Medium Swing,4/4,F,1933
Lullaby Of Birdland,George Shearing,Medium Swing,4/4,Ab,1953
Lullaby Of The Leaves,Bernice Petkere,Medium Swing,4/4,Cmin,1932
Lulu's Back In Town,Harry Warren,Medium Up Swing,4/4,Eb,1939
Lush Life,Billy Strayhorn,Ballad,4/4,Db,1935
Lyresto,Kenny Burrell,Up Tempo Swing,4/4,,1959
Mack The Knife,Weill-Brecht,Medium Swing,4/4,Bb,1939
Mahjong,Wayne Shorter,Latin,4/4,Fmin,1976
Maiden Voyage,Herbie Hancock,Even 8ths,4/4,D,1965
Make Someone Happy,Jule Styne,Slow Swing,4/4,Eb,1960
Making Whoopee,Walter Donaldson,Medium Swing,4/4,G,1930
Mambo Inn,Bauza-Sampson-Woodlen,Latin,4/4,F,1959
"Man I Love, The",George Gershwin,Ballad,4/4,Eb,1935
"Man That Got Away, The",Harold Arlen,Slow Swing,4/4,F,1964
Manha De Carnaval (Black Orpheus),Luiz Bonfa,Bossa Nova,4/4,Amin,1959
Manhattan,Richard Rodgers,Medium Swing,4/4,F,1927
Manoir De Mes Rêves (Django's Castle),Django Reinhardt,Medium Swing,4/4,Eb,1945
Manteca,Dizzy Gillespie,Latin,4/4,Bb,1959
Mas Que Nada,Jorge Ben,Latin,4/4,Fmin,1966
"Masquerade Is Over, The",Allie Wrubel,Ballad,4/4,Eb,1940
Maybe September,Percy Faith,Bossa Nova,4/4,Amin,1966
Mean To Me,Turk-Ahlert,Medium Swing,4/4,F,1931
"Meaning Of The Blues, The",Worth-Troup,Even 8ths,4/4,Dmin,1957
Meditation,Antonio-Carlos Jobim,Bossa Nova,4/4,,1964
Memories Of Tomorrow,Keith Jarrett,Even 8ths,4/4,Amin,1976
Memories Of You,Eubie Blake,Ballad,4/4,Eb,1927
Mercy Mercy Mercy,Joe Zawinul,Funk,4/4,Bb,1966
Midnight Blue,Kenny Burrell,Medium Swing,4/4,Ab,1963
Midnight Sun,Hampton-Burke-Mercer,Medium Swing,4/4,,1939
Milano,John Lewis,Slow Swing,4/4,,1959
Miles Ahead,Miles Davis,Medium Swing,4/4,,1957
Milestones (New),Miles Davis,Up Tempo Swing,4/4,Gmin,1958
Milestones (Old),Miles Davis,Medium Up Swing,4/4,Bb,1947
Mimosa,George Benson,Bossa Nova,4/4,F,1976
Minor Mood,Clifford Brown,Medium Swing,4/4,Fmin,1955
Minority,Gigi Gryce,Up Tempo Swing,4/4,Fmin,1953
Misterioso,Thelonious Monk,Medium Swing,4/4,Bb,1948
Misty,Erroll Garner,Ballad,4/4,Eb,1954
Miyako,Wayne Shorter,Waltz,3/4,A,1964
Moment's Notice,John Coltrane,Up Tempo Swing,4/4,Eb,1957
Moments To Remember,Robert Allen,Ballad,4/4,G,1955
Mona Lisa,Livingston-Evans,Ballad,4/4,Eb,1949
Monk's Dream,Thelonious Monk,Medium Swing,4/4,,1962
Monk's Mood,Thelonious Monk,Ballad,4/4,Db,1947
Mood Indigo,Duke Ellington,Ballad,4/4,Ab,1930
Moon And Sand,Wilder-Palitz,Bossa Nova,4/4,Dmin,1941
Moon Mist,Ellington-Mercer,Medium Swing,4/4,F,1949
Moon Rays,Horace Silver,Latin,4/4,Eb,1958
Moon River,Henry Mancini,Waltz,3/4,,1961
Moonchild,Keith Jarrett,Ballad,4/4,Emin,1965
Moondance,Van Morrison,Medium Swing,4/4,Amin,1968
Moonglow,Hudson-Lange-Mills,Ballad,4/4,G,1968
Moonlight Becomes You,Jimmy Van-Heusen,Ballad,4/4,F,1942
Moonlight In Vermont,Karl Suessdorf,Ballad,4/4,Eb,1944
Moonlight Serenade,Miller-Parish,Ballad,4/4,F,1939
"Moontrane, The",Woody Shaw,Medium Swing,4/4,D,1962
Moose The Mooche,Charlie Parker,Up Tempo Swing,4/4,Bb,1946
"More I See You, The",Harry Warren,Up Tempo Swing,4/4,Eb,1945
More Than You Know,Vincent Youmans,Ballad,4/4,,1929
Morgan The Pirate,Lee Morgan,Medium Swing,3/4,Eb,1964
Morning,Clare Fischer,Bossa Nova,4/4,Amin,1965
"Most Beautiful Girl In The World, The",Rodgers-Hart,Waltz,3/4,F,1935
Mountain Greenery,Richard Rodgers,Medium Up Swing,4/4,,1926
Move,Denzil Best,Up Tempo Swing,4/4,Bb,1949
Mr. P.C.,John Coltrane,Up Tempo Swing,4/4,Cmin,1959
My Baby Just Cares For Me,Walter Donaldson,Medium Swing,4/4,A,1930
My Buddy,Walter Donaldson,Waltz,3/4,G,1922
My Favorite Things,Richard Rodgers,Waltz,3/4,Emin,1959
My Foolish Heart,Victor Young,Ballad,4/4,Bb,1949
My Funny Valentine,Richard Rodgers,Ballad,4/4,Eb,1937
My Heart Belongs To Daddy,Cole Porter,Medium Up Swing,4/4,Cmin,1938
My Heart Stood Still,Richard Rodgers,Medium Swing,4/4,F,1927
My Ideal,Richard Whiting,Ballad,4/4,Eb,1933
My Last Affair,Haven Johnson,Medium Swing,4/4,,1937
My Little Suede Shoes,Charlie Parker,Latin,4/4,Eb,1946
My Lucky Star,DeSylva-Brown-Henderson,Medium Swing,4/4,,1929
My Man's Gone Now,George Gershwin,Waltz,3/4,Emin,1935
My Melancholy Baby,Burnett-Norton,Medium Swing,4/4,Bb,1912
My Old Flame,Johnson-Coslow,Ballad,4/4,F,1934
My One And Only Love,Wood-Mellin,Ballad,4/4,,1953
My Romance,Richard Rodgers,Medium Swing,4/4,,1935
My Secret Love,Roger Vogel,Medium Swing,4/4,Eb,1953
My Shining Hour,Harold Arlen,Medium Swing,4/4,,1943
My Ship,Kurt Weill,Ballad,4/4,F,1941
My Song,Keith Jarrett,Even 8ths,4/4,,1978
My Way,Revaux-Francois-Thibaud-Anka,Ballad,4/4,,1969
Naima,John Coltrane,Ballad,4/4,Ab,1959
Nancy (With The Laughing Face),Jimmy Van-Heusen,Ballad,4/4,Eb,1942
Nardis,Miles Davis,Medium Swing,4/4,Emin,1958
Nature Boy,Eden Ahbez,Ballad,4/4,Dmin,1948
"Nearness Of You, The",Hoagy Carmichael,Ballad,4/4,F,1938
Nefertiti,Wayne Shorter,Slow Swing,4/4,Ab,1967
Never Let Me Go,Jay Livingston,Ballad,4/4,Bb,1954
Never Will I Marry,Frank Loesser,Medium Swing,4/4,Bb,1960
Nevertheless,Kalmar-Ruby,Ballad,4/4,Bb,1931
New Picture,Jimmy Heath,Waltz,3/4,Bb,1985
"New York, New York",John Kander,Medium Swing,4/4,F,1977
Nica's Dream,Horace Silver,Latin,4/4,Bbmin,1956
Nice 'n Easy,Spence-Bergman-Keith,Medium Swing,4/4,,1960
Nice Work If You Can Get It,George Gershwin,Medium Swing,4/4,G,1937
Night And Day,Cole Porter,Medium Swing,4/4,,1932
Night Dreamer,Wayne Shorter,Waltz,3/4,G,1964
"Night Has A Thousand Eyes, The",Jerry-Brainin,Latin,4/4,G,1958
"Night We Called It A Day, The",Matt Dennis,Slow Swing,4/4,G,1942
No Moe,Sonny Rollins,Up Tempo Swing,4/4,Bb,1955
No Moon At All,David Mann,Medium Swing,4/4,Dmin,1943
No Splice,Lee Konitz,Medium Up Swing,4/4,Gmin,1957
Nobody Else But Me,Jerome Kern,Medium Swing,4/4,,1946
Nobody Knows You When You're Down And Out,Jimmy Cox,Ballad,4/4,F,1921
Nostalgia In Times Square,Charles Mingus,Medium Up Swing,4/4,F,1959
Nothing Personal,Don Grolnick,Up Tempo Swing,4/4,Gmin,1984
Now's The Time,Charlie Parker,Medium Swing,4/4,F,1945
Nuages,Django Reinhardt,Slow Swing,4/4,G,1939
Nutty,Thelonious Monk,Medium Swing,4/4,Bb,1953
Nutville,Horace Silver,Medium Up Swing,4/4,Cmin,1964
O Grande Amor,Antonio-Carlos Jobim,Bossa Nova,4/4,Amin,1963
"Odd Couple, The",Neal Hefti,Medium Swing,4/4,F,1968
Off Minor,Thelonious Monk,Medium Swing,4/4,Gmin,1947
"Oh, Lady Be Good",George Gershwin,Medium Up Swing,4/4,G,1924
"Oh, What A Beautiful Mornin'",Richard Rodgers,Waltz,3/4,Eb,1943
Oh! Look At Me Now,DeVries-Bushkin,Medium Swing,4/4,Ab,1941
Ol' Man River,Jerome Kern,Ballad,4/4,Eb,1927
Old Cape Cod,Rothrock-Vakus-Jeffrey,Ballad,4/4,Eb,1957
"Old Country, The",Adderley-Lewis,Medium Swing,4/4,Dmin,1957
Old Devil Moon,Burton Lane,Medium Swing,4/4,F,1946
Old Folks,Willard Robison,Ballad,4/4,F,1938
Oleo,Sonny Rollins,Up Tempo Swing,4/4,Bb,1954
Oliloqui Valley,Herbie Hancock,Even 8ths,4/4,,1965
On A Clear Day,Burton Lane,Medium Swing,4/4,G,1966
On A Misty Night,Tadd Dameron,Medium Swing,4/4,Eb,1957
On A Slow Boat To China,Frank Loesser,Medium Swing,4/4,Bb,1947
On Broadway,Mann-Weil-Stoller-Leiber,Even 8ths,4/4,F,1963
On Green Dolphin Street,Bronislau Kaper,Up Tempo Swing,4/4,Eb,1947
On The Street Where You Live,Frederick Loewe,Medium Up Swing,4/4,Bb,1957
On The Sunny Side Of The Street,Jimmy McHugh,Medium Swing,4/4,,1933
On The Trail,Ferde Grofe,Medium Up Swing,4/4,F,1936
Once I Loved,Antonio-Carlos Jobim,Bossa Nova,4/4,Dmin,1965
Once In A While,Michael Edwards,Slow Swing,4/4,Eb,1930
Once Upon A Summertime (La Valse Des Lilas),Legrand-Barclay-Marnay-Mercer,Waltz,3/4,Fmin,1962
One By One,Wayne Shorter,Medium Up Swing,4/4,Gmin,1964
One Finger Snap,Herbie Hancock,Up Tempo Swing,4/4,Eb,1964
One Foot In The Gutter,Clark Terry,Medium Swing,4/4,F,1962
One For My Baby,Harold Arlen,Ballad,4/4,Eb,1945
"One I Love (Belongs To Somebody Else), The",Isham Jones,Medium Swing,4/4,G,1930
One Morning In May,Hoagy Carmichael,Up Tempo Swing,4/4,G,1930
One Note Samba,Antonio-Carlos Jobim,Bossa Nova,4/4,Bb,1961
Only Trust Your Heart,Benny Carter,Bossa Nova,4/4,,1966
"Opener, The",Bill Evans,Medium Swing,4/4,,1962
Opus De Funk,Horace Silver,Up Tempo Swing,4/4,Bb,1953
Orange Colored Sky,DeLugg-Stein,Medium Swing,4/4,Bb,1950
Ornithology,Charlie Parker,Up Tempo Swing,4/4,G,1946
Our Delight,Tad Dameron,Medium Swing,4/4,Ab,1946
Our Love is Here to Stay,George Gershwin,Medium Swing,4/4,F,1934
Out Of Nowhere,Johnny Green,Medium Swing,4/4,G,1931
Out Of This World,Harold Arlen,Latin,4/4,Eb,1946
Over The Rainbow (Somewhere),Harold Arlen,Ballad,4/4,Eb,1939
P.S. I Love You,Gordon Jenkins,Ballad,4/4,Eb,1934
Palo Alto,Lee Konitz,Up Tempo Swing,4/4,F,1962
Pannonica,Thelonious Monk,Ballad,4/4,,1956
Paper Doll,Johnny Black,Slow Swing,4/4,F,1939
Parisian Thoroughfare,Bud Powell,Up Tempo Swing,4/4,F,1959
Parker's Mood,Charlie Parker,Medium Swing,4/4,Bb,1948
"Party's Over, The",Styne-Comden-Green,Ballad,4/4,Eb,1956
Passion Dance,McCoy Tyner,Up Tempo Swing,4/4,F,1963
Passion Flower,Billy Strayhorn,Ballad,4/4,G,1946
Passport,Charlie Parker,Up Tempo Swing,4/4,Bb,1954
Peace,Horace Silver,Ballad,4/4,Bb,1960
"Peacocks, The",Jimmy Rowles,Ballad,4/4,Bbmin,1972
Pee Wee,Tony Williams,Waltz,3/4,Db,1955
Peel Me A Grape,Dave Frishberg,Slow Swing,4/4,Dmin,1967
Peggy's Blue Skylight,Charles Mingus,Medium Swing,4/4,Db,1961
Pennies From Heaven,Arthur Johnston,Medium Swing,4/4,,1933
Pensativa,Clare Fischer,Bossa Nova,4/4,Gb,1961
Pent Up House,Sonny Rollins,Up Tempo Swing,4/4,G,1955
Penthouse Serenade,Jason-Burton,Medium Swing,4/4,F,1934
People,Jule Styne,Ballad,4/4,Bb,1964
People Will Say We're In Love,Richard Rodgers,Medium Swing,4/4,,1946
Perdido,Juan Tizol,Latin,4/4,Bb,1942
Perhaps,Charlie Parker,Up Tempo Swing,4/4,,1935
"Perhaps, Perhaps, Perhaps",Farres-Davis,Latin,4/4,Emin,1942
Peri's Scope,Bill Evans,Medium Swing,4/4,,1959
Petit Fleur,Sidney Bechet,Medium Swing,4/4,Gmin,1958
Pfrancing (No Blues),Miles Davis,Medium Swing,4/4,F,1956
Phase Dance,Pat Metheny,Even 8ths,4/4,Bmin,1977
Pick Yourself Up,Jerome Kern,Medium Up Swing,4/4,F,1936
Ping Pong,Wayne Shorter,Medium Up Swing,4/4,,1959
"Pink Panther, The",Henry Mancini,Medium Swing,4/4,Emin,1963
Pinocchio,Wayne Shorter,Up Tempo Swing,4/4,Ebmin,1954
Played Twice,Thelonious Monk,Medium Swing,4/4,,1959
Poinciana,Nat Simon,Latin,4/4,D,1944
Polkadots And Moonbeams,Jimmy Van-Heusen,Ballad,4/4,F,1940
Poor Butterfly,Raymon Hubbell,Ballad,4/4,Ab,1916
Popsicle Toes,Michael Franks,Medium Swing,4/4,Amin,1976
Portrait Of Jennie,Burdge-Robinson,Ballad,4/4,Eb,1938
"Preacher, The",Horace Silver,Medium Swing,4/4,F,1959
Prelude To A Kiss,Duke Ellington,Ballad,4/4,,1944
Pretend,Douglas-Parman-Lavere,Ballad,4/4,,1947
Prince Of Darkness,Wayne Shorter,Medium Up Swing,4/4,Cmin,1966
Prism,Keith Jarrett,Ballad,4/4,Gmin,1973
Progression,Lee Konitz,Up Tempo Swing,4/4,F,1974
Punjab,Joe Henderson,Medium Swing,4/4,,1957
Pure Imagination,Anthony Newley,Ballad,4/4,Eb,1951
Put On A Happy Face,Charles Strouse,Medium Swing,4/4,Eb,1958
Puttin' On The Ritz,Irvin Berlin,Medium Swing,4/4,Fmin,1933
Quasimodo,Charlie Parker,Medium Swing,4/4,Eb,1950
Questar,Keith Jarrett,Even 8ths,4/4,Bb,1964
Question And Answer,Pat Metheny,Waltz,3/4,Dmin,1990
Quiet Now,Denny Zeitlin,Ballad,4/4,,1969
"Rainbow Connection, The",Williams-Ascher,Waltz,3/4,G,1973
Raincheck,Billy Strayhorn,Medium Swing,4/4,F,1954
Re: Person I Knew,Bill Evans,Medium Swing,4/4,,1974
Recado Bossa Nova,Djalma Ferreira,Bossa Nova,4/4,Gmin,1962
Recordame,Joe Henderson,Bossa Nova,4/4,Amin,1959
Red Clay,Freddie Hubbard,Funk,4/4,C#min,1970
Red Top,Lionel Hampton,Medium Swing,4/4,F,1944
Reflections,Thelonious Monk,Ballad,4/4,Ab,1953
Reincarnation Of A Lovebird,Charles Mingus,Medium Up Swing,4/4,F#min,1964
Relaxin' At Camarillo,Charlie Parker,Up Tempo Swing,4/4,,1947
Remember,Irving Berlin,Medium Swing,4/4,F,1966
Rhythm-a-ning,Thelonious Monk,Medium Up Swing,4/4,Bb,1947
Road Song,Wes Montgomery,Latin,4/4,Gmin,1964
Robbin's Nest,Thompson-Jacquet,Medium Swing,4/4,,1947
Rockin' Chair,Hoagy Carmichael,Medium Swing,4/4,Eb,1930
Room 608,Horace Silver,Medium Up Swing,4/4,Bb,1957
Rose Room,Art Hickman,Medium Swing,4/4,Ab,1925
Rosetta,Earl Hines,Medium Up Swing,4/4,F,1930
Round Midnight,Thelonious Monk,Ballad,4/4,Ebmin,1944
Route 66,Bobby Troup,Medium Swing,4/4,F,1946
"Ruby, My Dear",Thelonious Monk,Ballad,4/4,Eb,1947
S.O.S.,Wes Montgomery,Up Tempo Swing,4/4,Cmin,1957
S' Wonderful,George Gershwin,Medium Up Swing,4/4,Eb,1937
S'posin',Paul Denniker,Medium Swing,4/4,Bb,1928
"Saga Of Harrison Crabfeathers, The",Steve Kuhn,Waltz,3/4,Emin,1968
Sail Away,Tom Harrell,Bossa Nova,4/4,,1973
Salt Peanuts,Dizzy Gillespie,Up Tempo Swing,4/4,Bb,1944
Samba De Orfeu,Luiz Bonfa,Bossa Nova,4/4,,1960
San Francisco Holiday,Thelonious Monk,Medium Swing,4/4,Eb,1958
Sandu,Clifford Brown,Medium Swing,4/4,Eb,1955
Satellite,John Coltrane,Up Tempo Swing,4/4,G,1964
Satin Doll,Strayhorn-Ellington,Medium Swing,4/4,,1958
Save Your Love For Me,Buddy Johnson,Slow Swing,4/4,D,1959
Say It (Over And Over Again),Frank Loesser,Ballad,4/4,Eb,1952
Say the Brother's Name,Pat Metheny,Even 8ths,4/4,Bb,1976
Scotch And Soda,Dave Guard,Slow Swing,4/4,Eb,1949
Scrapple From The Apple,Charlie Parker,Up Tempo Swing,4/4,F,1946
Sea Journey,Chick Corea,Latin,4/4,Amin,1978
Search For Peace,McCoy Tyner,Ballad,4/4,,1961
"Second Star To The Right, The",Sammy Fain,Slow Swing,4/4,Eb,1950
"Second Time Around, The",Jimmy Van-Heusen,Medium Swing,4/4,,1956
Secret Love,Sammy Fain,Ballad,4/4,Eb,1953
Segment,Charlie Parker,Up Tempo Swing,4/4,Bbmin,1955
Sentimental Journey,Brown-Green-Homer,Medium Swing,4/4,,1946
September In The Rain,Harry Warren,Medium Swing,4/4,Eb,1931
September Song,Kurt Weill,Ballad,4/4,,1938
Serenade To A Cuckoo,Roland Kirk,Medium Swing,4/4,Fmin,1967
Serenade To A Soul Sister,Horace Silver,Waltz,3/4,Ebmin,1968
Serene,Eric Dolphy,Slow Swing,4/4,Eb,1959
Serenity,Joe Henderson,Medium Swing,4/4,Eb,1960
Serpent's Tooth,Miles Davis,Medium Up Swing,4/4,Bb,1952
Seven Come Eleven,Goodman-Christian,Medium Up Swing,4/4,Ab,1939
Seven Steps To Heaven,Victor Feldman,Up Tempo Swing,4/4,F,1963
"Shadow Of Your Smile, The",Johnny Mandel,Bossa Nova,4/4,G,1965
Shaw 'Nuff,Charlie Parker,Up Tempo Swing,4/4,Bb,1945
She's Funny That Way,Charles Daniels,Ballad,4/4,Eb,1932
Shine,Dabney-Mack-Brown,Up Tempo Swing,4/4,Eb,1929
Shiny Stockings,Frank Foster,Medium Swing,4/4,F,1958
Shutterbug,J.J. Johnson,Up Tempo Swing,4/4,Gmin,1976
Si Si,Charlie Parker,Medium Swing,4/4,F,1957
Sidewinder,Lee Morgan,Funk,4/4,Eb,1964
Silver's Serenade,Horace Silver,Medium Swing,4/4,G,1963
Simone,Frank Foster,Waltz,3/4,Dmin,1976
Since I Fell For You,Buddy Johnson,Slow Swing,4/4,Eb,1946
Sippin' At Bells,Miles Davis,Medium Up Swing,4/4,F,1946
Skating In Central Park,John Lewis,Waltz,3/4,,1959
Skippy,Thelonious Monk,Medium Swing,4/4,Ab,1952
Skylark,Hoagy Carmichael,Ballad,4/4,Eb,1941
Skyliner,Charlie Barnet,Medium Up Swing,4/4,,1947
Slipped Disc,Benny Goodman,Medium Swing,4/4,Ab,1946
Slow Hot Wind,Henry Mancini,Bossa Nova,4/4,,1962
Smile,Charles Chaplin,Ballad,4/4,F,1959
Smoke Gets In Your Eyes,Jerome Kern,Ballad,4/4,Eb,1933
Smoke Rings,Gifford-Washington,Slow Swing,4/4,F,1934
Sno' Peas,Phil Markowitz,Waltz,3/4,Ebmin,1972
Só Danço Samba,Antonio-Carlos Jobim,Bossa Nova,4/4,,1961
So In Love,Cole Porter,Up Tempo Swing,4/4,Fmin,1944
So Many Stars,Sergio Mendez,Bossa Nova,4/4,F,1967
So Nice (Summer Samba),Marco Valles,Bossa Nova,4/4,F,1966
So Tender,Keith Jarrett,Even 8ths,4/4,A,1964
So What,Miles Davis,Up Tempo Swing,4/4,Dmin,1959
Social Call,Gigi Gryce,Medium Swing,4/4,Db,1971
"Softly, As In A Morning Sunrise",Sigmund Romberg,Medium Swing,4/4,Cmin,1930
Solar,Miles Davis,Medium Swing,4/4,Cmin,1954
Solitude,Duke Ellington,Ballad,4/4,Eb,1930
Some Enchanted Evening,Richard Rodgers,Ballad,4/4,,1949
Some Other Blues,John Coltrane,Medium Up Swing,4/4,F,1955
Some Other Spring,Herzog-Kitchings,Medium Swing,4/4,,1957
Some Other Time,Leonard Bernstein,Ballad,4/4,,1941
Somebody Loves Me,George Gershwin,Medium Swing,4/4,F,1924
Someday My Prince Will Come,Frank Churchill,Waltz,3/4,Bb,1959
Someday You'll Be Sorry,Louis Armstrong,Medium Swing,4/4,Eb,1944
Someone To Watch Over Me,George Gershwin,Ballad,4/4,Eb,1931
Sometime Ago,Sergio Mikanovich,Waltz,3/4,,1969
Sometimes I'm Happy,Vincent Youmans,Medium Swing,4/4,F,1929
Somewhere,Leonard Bernstein,Slow Swing,4/4,Eb,1950
Song For My Father,Horace Silver,Latin,4/4,Fmin,1964
Song For My Lady,McCoy Tyner,Medium Up Swing,3/4,Dmin,1974
Song For Strayhorn,Gerry Mulligan,Ballad,4/4,D,1972
"Song Is You, The",Jerome Kern,Up Tempo Swing,4/4,,1930
Sonnymoon For Two,Sonny Rollins,Medium Up Swing,4/4,Bb,1957
Soon,George Gershwin,Medium Swing,4/4,Eb,1932
Sophisticated Lady,Duke Ellington,Ballad,4/4,Ab,1933
"Sorcerer, The",Herbie Hancock,Up Tempo Swing,4/4,Db,1966
Soul Eyes,Mal Waldron,Ballad,4/4,Cmin,1957
Soultrane,Tadd Dameron,Ballad,4/4,Eb,1957
Sound Lee,Lee Konitz,Medium Up Swing,4/4,Eb,1959
Spain,Chick Corea,Latin,4/4,Bmin,1972
Speak Like A Child,Herbie Hancock,Bossa Nova,4/4,Amin,1967
Speak Low,Kurt Weill,Medium Swing,4/4,F,1930
Speak No Evil,Wayne Shorter,Medium Swing,4/4,Cmin,1964
Spiral,John Coltrane,Medium Up Swing,4/4,Bmin,1976
Spring Can Really Hang You Up The Most,Tommy Wolf,Ballad,4/4,,1957
Spring Is Here,Richard Rodgers,Ballad,4/4,Ab,1935
St. James Infirmary,Joe Primrose,Medium Swing,4/4,Fmin,1919
St. Louis Blues,W.C. Handy,Medium Swing,4/4,G,1917
St. Thomas,Sonny Rollins,Latin,4/4,,1959
Stablemates,Benny Golson,Medium Swing,4/4,Db,1955
Stairway To The Stars,Matt Maineck,Ballad,4/4,,1929
Star Dust,Hoagy Carmichael,Ballad,4/4,Db,1927
Star Eyes,Gene DePaul,Medium Swing,4/4,Eb,1938
"Star-Crossed Lovers, The",Strayhorn-Ellington,Ballad,4/4,Db,1957
Stars Fell On Alabama,Frank Perkins,Ballad,4/4,,1934
Stella By Starlight,Victor Young,Medium Swing,4/4,Bb,1944
Stolen Moments,Oliver Nelson,Medium Swing,4/4,Cmin,1965
Stompin' At The Savoy,Webb-Goodman-Sampson,Medium Swing,4/4,Db,1926
Stormy Weather,Harold Arlen,Ballad,4/4,G,1933
Straight Life,Freddie Hubbard,Latin,4/4,F,1966
Straight No Chaser,Thelonious Monk,Medium Up Swing,4/4,Bb,1957
Straight Street,John Coltrane,Up Tempo Swing,4/4,Ebmin,1962
Straighten Up And Fly Right,Cole-Mills,Medium Swing,4/4,Ab,1948
Strangers In The Night,Bert Kaempfert,Slow Swing,4/4,F,1966
Street Of Dreams,Victor Young,Ballad,4/4,Eb,1939
Strike Up The Band,George Gershwin,Up Tempo Swing,4/4,Eb,1927
Strollin',Horace Silver,Medium Swing,4/4,Db,1974
Struttin' With Some Barbecue,Lillian Armstrong,Medium Swing,4/4,F,1917
Subconscious Lee,Lee Konitz,Medium Up Swing,4/4,,1949
Suddenly It's Spring,Jimmy Van-Heusen,Medium Swing,4/4,Bb,1960
Sugar,Stanley Turrentine,Medium Swing,4/4,Cmin,1929
Summer In Central Park,Horace Silver,Waltz,3/4,F,1963
"Summer Knows, The",Michel Legrand,Ballad,4/4,Fmin,1969
Summer Night,Harry Warren,Medium Swing,4/4,Cmin,1957
Summer Serenade,Benny Carter,Bossa Nova,,Db,1968
"Summer Wind, The",Meyer-Mercer,Medium Swing,4/4,F,1966
Summertime,George Gershwin,Slow Swing,4/4,Amin,1935
Sunny,Bobby Hebb,Rock Pop,4/4,Amin,1962
Sunshower,Kenny Barron,Bossa Nova,4/4,Amin,1946
Surrey With The Fringe On The Top,Richard Rodgers,Medium Swing,4/4,Bb,1943
Sway,Ruiz-Gimbel,Latin,4/4,Gmin,1963
Sweet And Lovely,Arnheim-Daniels-Tobias,Medium Swing,4/4,,1930
Sweet Georgia Bright,Charles Lloyd,Medium Up Swing,4/4,,1970
Sweet Georgia Brown,Pinkard-Casey-Bernie,Up Tempo Swing,4/4,Ab,1926
Sweet Lorraine,Cliff Burwell,Medium Swing,4/4,G,1930
"Sweet Sue, Just You",Harris-Young,Medium Up Swing,4/4,G,1932
"Sweetest Sounds, The",Richard Rodgers,Medium Up Swing,4/4,F,1960
Swinging At The Haven,Ellis Marsalis,Up Tempo Swing,4/4,F,1963
"Swinging Shepherd Blues, The",Koffman-Roberts-Jacobson,Slow Swing,4/4,Bb,1956
Tadd's Delight,Tadd Dameron,Medium Up Swing,4/4,Ab,1954
Take Five,Paul Desmond,Medium Up Swing,5/4,Ebmin,1959
Take The A Train,Billy Strayhorn,Medium Up Swing,4/4,,1939
Taking A Chance On Love,Vernon Duke,Medium Swing,4/4,F,1943
Tangerine,Victor Schertzinger,Medium Swing,4/4,F,1944
Tea For Two,Vincent Youmans,Medium Swing,4/4,Ab,1925
Teach Me Tonight,Gene DePaul,Slow Swing,4/4,Eb,1954
Tell Me A Bedtime Story,Herbie Hancock,Funk,4/4,,1978
Tempus Fugit,Bud Powell,Up Tempo Swing,4/4,Dmin,1949
Tenderly,Walter Gross,Ballad,4/4,Eb,1946
Tenor Madness,Sonny Rollins,Medium Up Swing,4/4,Bb,1957
Thanks For The Memory,Leo Robin,Medium Swing,4/4,F,1937
That Old Feeling,Brown-Fain,Medium Swing,4/4,,1940
That Ole Devil Called Love,Doris Fisher,Medium Swing,4/4,Ab,1944
That's All,Haymes-Brandt,Medium Swing,4/4,Bb,1957
That's Amore (That's Love),Warren-Brooks,Medium Swing,3/4,Bb,1953
That's Life,Kay-Gordon,Slow Swing,4/4,G,1966
Thelonious,Thelonious Monk,Medium Swing,4/4,Bb,1948
Them There Eyes,Tracy-Tauber-Pinkard,Up Tempo Swing,4/4,Ab,1924
Theme From Family Guy,Murphy-MacFarlane-Zuckerman,Medium Swing,4/4,F,1999
"Theme, The",Miles Davis,Up Tempo Swing,4/4,Bb,1962
There Is No Greater Love,Isham Jones,Medium Swing,4/4,Bb,1939
There Will Never Be Another You,Harry Warren,Medium Up Swing,4/4,Eb,1946
There'll Be Some Changes Made,Benton Overstreet,Medium Swing,4/4,Bb,1927
There's A Lull In My Life,Harry Revel,Ballad,4/4,F,1935
There's A Small Hotel,Richard Rodgers,Medium Swing,4/4,G,1930
There's No You,Hal Hopper,Ballad,4/4,F,1933
These Foolish Things,Strachey-Link,Ballad,4/4,Eb,1934
They All Laughed,George Gershwin,Medium Swing,4/4,G,1937
They Can't Take That Away From Me,George Gershwin,Medium Swing,4/4,Eb,1937
They Didn't Believe Me,Jerome Kern,Medium Swing,4/4,G,1914
They Say It's Wonderful,Irving Berlin,Medium Swing,4/4,F,1946
Things Ain't What They Used To Be,Duke Ellington,Medium Swing,4/4,Db,1941
"Things We Did Last Summer, The",Cahn-Styne,Medium Swing,4/4,F,1946
Think Of One,Thelonious Monk,Medium Swing,4/4,F,1952
This Can't Be Love,Richard Rodgers,Medium Swing,4/4,F,1937
This Could Be The Start Of Something Big,Steve Allen,Up Tempo Swing,4/4,Eb,1965
This I Dig Of You,Hank Mobley,Medium Up Swing,4/4,Bb,1962
This Is All I Ask,Gordon Jenkins,Ballad,4/4,F,1957
This Is New,Kurt Weill,Ballad,4/4,Cmin,1946
This Masquerade,Leon Russell,Rock Pop,4/4,Fmin,1968
This Time The Dream's On Me,Harold Arlen,Medium Up Swing,4/4,G,1941
This Year's Kisses,Irving Berlin,Medium Swing,4/4,G,1937
Thou Swell,Richard Rodgers,Medium Up Swing,4/4,Eb,1927
Three Flowers,McCoy Tyner,Waltz,3/4,Eb,1966
Three Little Words,Harry Ruby,Medium Up Swing,4/4,,1933
"Thrill Is Gone, The",Ray Henderson,Ballad,4/4,Cmin,1936
Thriving From A Riff,Charlie Parker,Up Tempo Swing,4/4,Bb,1957
Tickle-Toe,Lester Young,Up Tempo Swing,4/4,Db,1940
Till There Was You,Meredith Wilson,Ballad,4/4,Eb,1957
Time After Time,Jule Styne,Medium Swing,4/4,,1957
Time On My Hands,Vincent Youmans,Ballad,4/4,F,1930
Time Remembered,Bill Evans,Ballad,4/4,Bmin,1964
Tin Tin Deo,Dizzy Gillespie,Latin,4/4,Fmin,1946
Tiny Capers,Clifford Brown,Medium Up Swing,4/4,Bb,1959
Tis Autumn,Henry Nemo,Ballad,4/4,Eb,1947
Tokyo Blues,Horace Silver,Medium Swing,4/4,Cmin,1960
Tones For Joan's Bones,Chick Corea,Medium Swing,4/4,D,1966
Tonight,Bernstein-Sondheim,Bossa Nova,4/4,Ab,1957
Tonight I Shall Sleep,Ellington-Mercer,Ballad,4/4,Db,1961
Tonight You Belong To Me,Rose-David,Medium Swing,4/4,,1926
Too Close For Comfort,Bock-Weiss-Holofcener,Medium Swing,4/4,,1956
Too Marvelous For Words,Richard Whiting,Medium Swing,4/4,G,1936
Too Young,Lippman-Dee,Ballad,4/4,Bb,1951
Too Young To Go Steady,Jimmy McHugh,Ballad,4/4,F,1957
Topsy,Battle-Durham,Medium Swing,4/4,Dmin,1937
"Touch Of Your Lips, The",Ray Noble,Medium Swing,4/4,,1936
Tour De Force,Dizzy Gillespie,Medium Swing,4/4,Ab,1954
Trane’s Blues,John Coltrane,Medium Swing,4/4,Bb,1958
Travels,Pat Metheny,Even 8ths,4/4,G,1978
Tricotism,Oscar Pettiford,Medium Up Swing,4/4,Db,1953
Trinkle Tinkle,Thelonious Monk,Medium Swing,4/4,Eb,1954
Triste,Antonio-Carlos Jobim,Bossa Nova,4/4,A,1965
Try A Little Tenderness,Harry Woods,Ballad,4/4,Eb,1933
Tune Up,Miles Davis,Up Tempo Swing,4/4,Bb,1953
Turn Out The Stars,Bill Evans,Ballad,4/4,Amin,1974
Turnaround,Ornette Coleman,Medium Swing,4/4,,1957
Twisted,Wardell Gray,Medium Up Swing,4/4,Bbmin,1957
Twisted Blues,Wes Montgomery,Medium Up Swing,4/4,Db,1966
Two For The Road,Henry Mancini,Ballad,4/4,G,1962
Two Not One,Lennie Tristano,Up Tempo Swing,4/4,Ab,1976
Two Sleepy People,Hoagy Carmichael,Ballad,4/4,Eb,1938
Ugly Beauty,Thelonious Monk,Waltz,3/4,Db,1968
Undecided,Charlie Shavers,Medium Up Swing,4/4,,1921
Under A Blanket Of Blue,Jerry Livingston,Medium Swing,4/4,Ab,1934
Unforgettable,Gordon Irving,Ballad,4/4,G,1951
Unit Seven,Sam Jones,Medium Up Swing,4/4,,1964
United,Wayne Shorter,Waltz,3/4,F,1963
Unity Village,Pat Metheny,Ballad,4/4,Amin,1978
Unrequited,Brad Mehldau,Even 8ths,4/4,,1962
Up Jumped Spring,Freddie Hubbard,Waltz,3/4,Bb,1963
Up With The Lark,Jerome Kern,Medium Swing,3/4,,1957
Upper Manhattan Medical Group,Billy Strayhorn,Medium Up Swing,4/4,Db,1962
Valse Hot,Sonny Rollins,Waltz,3/4,Ab,1946
Very Early,Bill Evans,Waltz,3/4,,1960
"Very Thought Of You, The",Ray Noble,Ballad,4/4,Ab,1934
Violets For Your Furs,Adair-Dennis,Ballad,4/4,F,1947
Virgo,Wayne Shorter,Ballad,4/4,F,1967
Voyage,Kenny Barron,Up Tempo Swing,4/4,Fmin,1977
Wait Till You See Her,Richard Rodgers,Medium Swing,3/4,Eb,1941
Walk Tall,Cannonball Adderley,Funk,2/4,,1973
Walkin',Miles Davis,Up Tempo Swing,4/4,F,1955
Walkin' My Baby Back Home,Ahlert-Turk,Medium Swing,4/4,Eb,1931
Walkin' Shoes,Gerry Mulligan,Medium Swing,4/4,Eb,1960
Walkin' up,Bill Evans,Medium Swing,4/4,,1957
Waltz For Debby,Bill Evans,Waltz,3/4,F,1960
Warm Valley,Duke Ellington,Ballad,4/4,Bb,1941
Watch What Happens,Michel Legrand,Bossa Nova,4/4,Eb,1964
Watermelon Man,Herbie Hancock,Even 8ths,4/4,F,1967
Wave,Antonio-Carlos Jobim,Bossa Nova,4/4,D,1963
"Way You Look Tonight, The",Jerome Kern,Up Tempo Swing,4/4,F,1936
We See,Thelonious Monk,Medium Up Swing,4/4,Bb,1953
We Will Meet Again,Bill Evans,Waltz,3/4,Cmin,1974
We'll Be Together Again,Carl Fisher,Ballad,4/4,,1953
Webb City,Bud Powell,Medium Up Swing,4/4,Bb,1947
Well You Needn't,Thelonious Monk,Medium Swing,4/4,F,1951
Wendy,Paul Desmond,Slow Swing,4/4,Eb,1973
West Coast Blues,Wes Montgomery,Waltz,6/4,Bb,1960
What A Difference A Day Made,Maria Grever,Ballad,4/4,F,1950
What A Little Moonlight Can Do,Harry Woods,Up Tempo Swing,4/4,G,1935
What A Wonderful World,Weiss-Thiele,Ballad,4/4,F,1963
What Are You Doing New Year's Eve?,Frank Loesser,Ballad,4/4,F,1940
What Are You Doing The Rest Of Your Life?,Michel Legrand,Ballad,4/4,Amin,1969
What Is This Thing Called Love,Cole Porter,Up Tempo Swing,4/4,,1931
What'll I Do,Irving Berlin,Waltz,3/4,,1927
What's New,Bob Haggard,Ballad,4/4,,1957
When I Fall In Love,Victor Young,Ballad,4/4,Eb,1952
When It's Sleepy Time Down South,Traditional,Medium Swing,4/4,,1931
When Lights Are Low,Benny Carter,Medium Swing,4/4,Eb,1956
When Sunny Gets Blue,Marvin Fisher,Ballad,4/4,F,1954
When The Saints Go Marching In,Traditional,Medium Swing,4/4,F,1914
When The Sun Comes Out,Harold Arlen,Ballad,4/4,G,1941
When You Wish Upon A Star,Leigh Harline,Ballad,4/4,,1940
When You're Smilin',Shay - Fisher - Goodwin,Medium Swing,4/4,Bb,1934
When Your Lover Has Gone,E.A. Swan,Medium Swing,4/4,G,1931
Where Are You?,Jimmy McHugh,Ballad,4/4,G,1955
Where Or When,Richard Rodgers,Medium Swing,4/4,Eb,1936
While We're Young,Wilder-Palitz,Waltz,3/4,Eb,1939
Whisper Not,Benny Golson,Medium Swing,4/4,Cmin,1955
Who Can I Turn To,Newley-Bricusse,Medium Swing,4/4,Eb,1964
Who Cares,George Gershwin,Medium Swing,4/4,,1927
Who's Sorry Now?,Snyder-Kalmar-Ruby,Ballad,4/4,,1909
Why Do I Love You?,Jerome Kern,Medium Swing,4/4,Ab,1927
Why Don't You Do Right?,Kansas-Joe McCoy,Medium Swing,4/4,Dmin,1934
Wild Flower,Wayne Shorter,Waltz,6/4,Bb,1967
Will You Still Be Mine?,Matt Dennis,Up Tempo Swing,4/4,Eb,1932
Willow Weep For Me,Ann Ronell,Slow Swing,4/4,G,1935
Windows,Chick Corea,Waltz,3/4,Bmin,1964
Witch Hunt,Wayne Shorter,Slow Swing,4/4,Cmin,1964
Witchcraft,Cy Coleman,Medium Swing,4/4,F,1956
With A Song In My Heart,Richard Rodgers,Up Tempo Swing,4/4,Eb,1939
With The Wind And The Rain In Your Hair,Clare Edwards,Medium Swing,4/4,Eb,1939
Without A Song,Vincent Youmans,Up Tempo Swing,4/4,Eb,1929
Without A Song (Joe Henderson Changes),Vincent Youmans,Up Tempo Swing,4/4,Eb,1963
Woody'n You,Dizzy Gillespie,Up Tempo Swing,4/4,Db,1941
Work Song,Nat Adderley,Medium Up Swing,4/4,Fmin,1966
Wouldn't It Be Loverly,Frederick Loewe,Medium Swing,4/4,G,1957
Wrap Your Troubles In Dreams,Harry Barris,Medium Swing,4/4,,1931
Yardbird Suite,Charlie Parker,Medium Up Swing,4/4,,1946
Yes And No,Wayne Shorter,Up Tempo Swing,4/4,D,1964
Yesterday's Gardenias,Robertson Mysels,Medium Swing,4/4,Bb,1941
Yesterdays,Jerome Kern,Medium Up Swing,4/4,Dmin,1933
You And The Night And The Music,Arthur Schwartz,Medium Up Swing,4/4,Cmin,1941
You Are Too Beautiful,Richard Rodgers,Ballad,4/4,,1930
You Better Go Now,Reichner-Graham,Medium Swing,4/4,Eb,1947
You Brought A New Kind Of Love To Me,Fain-Kaval-Norman,Medium Swing,4/4,Ab,1930
You Can Depend On Me,Carpenter-Dunlap-Hines,Medium Up Swing,4/4,F,1939
You Do Something To Me,Cole Porter,Medium Up Swing,4/4,Eb,1931
You Don't Know What Love Is,Raye-DePaul,Ballad,4/4,Fmin,1934
You Go To My Head,Fred Coots,Ballad,4/4,Eb,1930
You Keep Coming Back Like A Song,Irving Berlin,Medium Swing,4/4,Eb,1946
You Made Me Love You,James Monaco,Medium Swing,4/4,,1914
You Make Me Feel So Young,Josef Myrow,Medium Swing,4/4,Bb,1955
You Must Believe In Spring,Michel Legrand,Ballad,4/4,Cmin,1969
You Stepped Out Of A Dream,Nacio-Herb-Brown,Medium Swing,4/4,,1936
You Took Advantage Of Me,Richard Rodgers,Medium Swing,4/4,Eb,1928
You Turned The Tables on Me,Louis Alter,Medium Swing,4/4,F,1936
You Won't Forget Me,Goell-Spielman,Ballad,4/4,Bbmin,1946
You'd Be So Nice To Come Home To,Cole Porter,Medium Up Swing,4/4,Amin,1934
You're Blasé,Ord Hamilton,Medium Swing,4/4,F,1934
You're Everything,Chick Corea,Bossa Nova,4/4,A,1974
You're Laughing At Me,Irving Berlin,Medium Swing,,Eb,1937
You're My Everything,Harry Warren,Medium Swing,4/4,,1934
You're My Thrill,Jay Gorney,Medium Swing,4/4,A,1936
You're Nobody Till Somebody Loves You,Morgan-Stock-Cavanaugh,Medium Swing,4/4,Eb,1949
You're The Top,Cole Porter,Medium Swing,4/4,Eb,1930
You've Changed,Carl Fisher,Ballad,4/4,Eb,1935
Young And Foolish,Albert Hague,Ballad,4/4,,1940
Young At Heart,Johnny Richards,Ballad,4/4,Bb,1954
Yours Is My Heart Alone,Franz Lehar,Medium Swing,4/4,F,1909
Zing Went The Strings Of My Heart,James Hanley,Medium Swing,4/4,Eb,1928
Zingaro (Retrato Em Branco E Preto),Antonio-Carlos Jobim,Bossa Nova,4/4,Gmin,1967
Zoltan,Woody Shaw,Latin,4/4,,1965
